        4191
110001001001001001001
           0
110001001001001000110
           0
110001001001000110001
           0
110001001000110001001
           0
110001000110001001001
           0
110000110001001001001
           0
101010001001001001001
           0
110001001000110000110
           0
110001000110001000110
           0
110000110001001000110
           0
110001000110000110001
           0
110000110001000110001
           0
110000110000110001001
           0
110001001001000101010
           0
101010001001001000110
           0
110001001000101010001
           0
101010001001000110001
           0
110001000101010001001
           0
101010001000110001001
           0
110000101010001001001
           0
101010000110001001001
           0
101001010001001001001
           0
110000110000110000110
           0
011100001001001001001
           0
110001000110000101010
           0
110000110001000101010
           0
110001000101010000110
           0
101010001000110000110
           0
110000101010001000110
           0
101010000110001000110
           0
110000110000101010001
           0
110000101010000110001
           0
101010000110000110001
           0
110001001000101001010
           0
101010001001000101010
           0
101001010001001000110
           0
110001000101001010001
           0
101010001000101010001
           0
101001010001000110001
           0
110000101001010001001
           0
101010000101010001001
           0
101001010000110001001
           0
100110010001001001001
           0
110001001001000011100
           0
011100001001001000110
           0
110001001000011100001
           0
011100001001000110001
           0
110001000011100001001
           0
011100001000110001001
           0
110000011100001001001
           0
011100000110001001001
           0
101001001010001001001
           0
110001001000100110010
           0
110000110000101001010
           0
110000101010000101010
           0
101010000110000101010
           0
110000101001010000110
           0
101010000101010000110
           0
101001010000110000110
           0
100110010001001000110
           0
110001000100110010001
           0
100110010001000110001
           0
110000100110010001001
           0
100110010000110001001
           0
100101100001001001001
           0
011010010001001001001
           0
110001000110000011100
           0
110000110001000011100
           0
110001000011100000110
           0
011100001000110000110
           0
110000011100001000110
           0
011100000110001000110
           0
110000110000011100001
           0
110000011100000110001
           0
011100000110000110001
           0
110001000101001001010
           0
101010001000101001010
           0
101001010001000101010
           0
101001001010001000110
           0
110000101001001010001
           0
101010000101001010001
           0
101001010000101010001
           0
101001001010000110001
           0
101000110010001001001
           0
100110001010001001001
           0
101010001001000011100
           0
011100001001000101010
           0
101010001000011100001
           0
011100001000101010001
           0
101010000011100001001
           0
011100000101010001001
           0
101001001001010001001
           0
110001001000100101100
           0
110001001000011010010
           0
110000110000100110010
           0
110000100110010000110
           0
100110010000110000110
           0
100101100001001000110
           0
011010010001001000110
           0
110001000100101100001
           0
110001000011010010001
           0
100101100001000110001
           0
011010010001000110001
           0
110000100101100001001
           0
110000011010010001001
           0
100101100000110001001
           0
011010010000110001001
           0
011001100001001001001
           0
110001000101000110010
           0
101010001000100110010
           0
110001000100110001010
           0
100110010001000101010
           0
101000110010001000110
           0
100110001010001000110
           0
110000101000110010001
           0
101010000100110010001
           0
110000100110001010001
           0
100110010000101010001
           0
101000110010000110001
           0
100110001010000110001
           0
101000101100001001001
           0
011010001010001001001
           0
110000101010000011100
           0
101010000110000011100
           0
110000011100000101010
           0
011100000110000101010
           0
101010000011100000110
           0
011100000101010000110
           0
110000101001001001010
           0
101010000101001001010
           0
101001010000101001010
           0
101001001010000101010
           0
101001001001010000110
           0
101001000110010001001
           0
101000110001010001001
           0
100110001001010001001
           0
100101010010001001001
           0
110001001000011001100
           0
110000110000100101100
           0
101001010001000011100
           0
110000110000011010010
           0
011100001000101001010
           0
110000100101100000110
           0
110000011010010000110
           0
100101100000110000110
           0
011010010000110000110
           0
011001100001001000110
           0
110001000011001100001
           0
101001010000011100001
           0
011100000101001010001
           0
011001100001000110001
           0
110000011001100001001
           0
011001100000110001001
           0
010110100001001001001
           0
011100001001000011100
           0
011100001000011100001
           0
011100000011100001001
           0
101001001001001010001
           0
110001000101000101100
           0
101010001000100101100
           0
101010001000011010010
           0
110001000011010001010
           0
100101100001000101010
           0
011010010001000101010
           0
101000101100001000110
           0
011010001010001000110
           0
110000101000101100001
           0
101010000100101100001
           0
101010000011010010001
           0
110000011010001010001
           0
100101100000101010001
           0
011010010000101010001
           0
101000101100000110001
           0
011010001010000110001
           0
110001000100101010010
           0
110000101001000110010
           0
101010000101000110010
           0
101001010000100110010
           0
110000101000110001010
           0
101010000100110001010
           0
110000100110001001010
           0
100110010000101001010
           0
101000110010000101010
           0
100110001010000101010
           0
101001000110010000110
           0
101000110001010000110
           0
100110001001010000110
           0
100101010010001000110
           0
110000100101010010001
           0
100101010010000110001
           0
101001000101100001001
           0
100110000110010001001
           0
011010001001010001001
           0
100101001100001001001
           0
011001010010001001001
           0
110001001000010110100
           0
110000110000011001100
           0
100110010001000011100
           0
011100001000100110010
           0
110000011001100000110
           0
011001100000110000110
           0
010110100001001000110
           0
110001000010110100001
           0
100110010000011100001
           0
011100000100110010001
           0
010110100001000110001
           0
110000010110100001001
           0
010110100000110001001
           0
110000011100000011100
           0
011100000110000011100
           0
011100000011100000110
           0
101001001000110010001
           0
101001000110001010001
           0
101000110001001010001
           0
100110001001001010001
           0
101000101010010001001
           0
100101010001010001001
           0
101010001000011001100
           0
101001001010000011100
           0
011100000101001001010
           0
011001100001000101010
           0
101010000011001100001
           0
011001100000101010001
           0
100011100010001001001
           0
101001001001001001010
           0
110001000100101001100
           0
110000101001000101100
           0
101010000101000101100
           0
101001010000100101100
           0
110001000011001010010
           0
101001010000011010010
           0
110000100110000110010
           0
100110010000100110010
           0
101010000011010001010
           0
110000011010001001010
           0
100101100000101001010
           0
011010010000101001010
           0
101000101100000101010
           0
011010001010000101010
           0
101001000101100000110
           0
100110000110010000110
           0
011010001001010000110
           0
100101001100001000110
           0
011001010010001000110
           0
110000100101001100001
           0
110000011001010010001
           0
100101001100000110001
           0
011001010010000110001
           0
100110000101100001001
           0
011010000110010001001
           0
100100110100001001001
           0
011001001100001001001
           0
010110010010001001001
           0
110000110000010110100
           0
011100001000100101100
           0
100101100001000011100
           0
011010010001000011100
           0
011100001000011010010
           0
110000010110100000110
           0
010110100000110000110
           0
011100000100101100001
           0
100101100000011100001
           0
011010010000011100001
           0
011100000011010010001
           0
001111000001001001001
           0
110000101000101010010
           0
101010000100101010010
           0
110000100101010001010
           0
100101010010000101010
           0
101000101010010000110
           0
100101010001010000110
           0
101001001000101100001
           0
101000110000110010001
           0
100110001000110010001
           0
100110000110001010001
           0
011010001001001010001
           0
101000101001100001001
           0
011001010001010001001
           0
101010001000010110100
           0
101000110010000011100
           0
100110001010000011100
           0
110001000100011100010
           0
011100000101000110010
           0
011100000100110001010
           0
010110100001000101010
           0
100011100010001000110
           0
101010000010110100001
           0
110000100011100010001
           0
010110100000101010001
           0
100011100010000110001
           0
101001001001000110010
           0
101001001000110001010
           0
101001000110001001010
           0
101000110001001001010
           0
100110001001001001010
           0
101001000101010010001
           0
101000101010001010001
           0
100101010001001010001
           0
100101001010010001001
           0
110001000100100110100
           0
110001000011001001100
           0
101001010000011001100
           0
110000100110000101100
           0
100110010000100101100
           0
110001000010110010010
           0
100110010000011010010
           0
110000011010000110010
           0
100101100000100110010
           0
011010010000100110010
           0
011001100000101001010
           0
100110000101100000110
           0
011010000110010000110
           0
100100110100001000110
           0
011001001100001000110
           0
010110010010001000110
           0
110000100100110100001
           0
110000011001001100001
           0
110000010110010010001
           0
100100110100000110001
           0
011001001100000110001
           0
010110010010000110001
           0
011010000101100001001
           0
101000011100010001001
           0
100011100001010001001
           0
100011010100001001001
           0
011000110100001001001
           0
010110001100001001001
           0
010101100010001001001
           0
011100001000011001100
           0
011001100001000011100
           0
011100000011001100001
           0
011001100000011100001
           0
110001001000001111000
           0
001111000001001000110
           0
110001000001111000001
           0
001111000001000110001
           0
110000001111000001001
           0
001111000000110001001
           0
110000101000101001100
           0
101010000100101001100
           0
101010000011001010010
           0
110000011001010001010
           0
100101001100000101010
           0
011001010010000101010
           0
101000101001100000110
           0
011001010001010000110
           0
101000110000101100001
           0
100110001000101100001
           0
011010001000110010001
           0
011010000110001010001
           0
101000100110100001001
           0
010110010001010001001
           0
011100000101000101100
           0
101000101100000011100
           0
011010001010000011100
           0
011100000011010001010
           0
101001001001000101100
           0
110000100101001010010
           0
101001000110000110010
           0
101000110001000110010
           0
100110001001000110010
           0
101000110000110001010
           0
100110001000110001010
           0
100110000110001001010
           0
011010001001001001010
           0
100101001010010000110
           0
101001000101001100001
           0
100110000101010010001
           0
100101010000110010001
           0
011001010001001010001
           0
100101001001100001001
           0
100100110010010001001
           0
011001001010010001001
           0
110001000100011010100
           0
110001000011000110100
           0
101001010000010110100
           0
110001000010110001100
           0
100110010000011001100
           0
110000011010000101100
           0
100101100000100101100
           0
011010010000100101100
           0
100101010010000011100
           0
110001000010101100010
           0
110000101000011100010
           0
101010000100011100010
           0
011100000100101010010
           0
100101100000011010010
           0
011010010000011010010
           0
011001100000100110010
           0
110000100011100001010
           0
010110100000101001010
           0
100011100010000101010
           0
011010000101100000110
           0
101000011100010000110
           0
100011100001010000110
           0
100011010100001000110
           0
011000110100001000110
           0
010110001100001000110
           0
010101100010001000110
           0
110000100011010100001
           0
110000011000110100001
           0
110000010110001100001
           0
110000010101100010001
           0
100011010100000110001
           0
011000110100000110001
           0
010110001100000110001
           0
010101100010000110001
           0
011100001000010110100
           0
010110100001000011100
           0
011100000010110100001
           0
010110100000011100001
           0
110000110000001111000
           0
110000001111000000110
           0
001111000000110000110
           0
101001001000101010010
           0
101001000101010001010
           0
101000101010001001010
           0
100101010001001001010
           0
101000101001010010001
           0
100101001010001010001
           0
110000101000100110100
           0
101010000100100110100
           0
101010000011001001100
           0
101010000010110010010
           0
110000010110010001010
           0
100100110100000101010
           0
011001001100000101010
           0
010110010010000101010
           0
101000100110100000110
           0
010110010001010000110
           0
011010001000101100001
           0
101001000011100010001
           0
101000011100001010001
           0
100011100001001010001
           0
101000011010100001001
           0
010101100001010001001
           0
010101010100001001001
           0
100010111000001001001
           0
001110100010001001001
           0
101010001000001111000
           0
001111000001000101010
           0
101010000001111000001
           0
001111000000101010001
           0
110000100101001001100
           0
101001000110000101100
           0
101000110001000101100
           0
100110001001000101100
           0
110000100100110010010
           0
110000011001001010010
           0
100110000110000110010
           0
011010001001000110010
           0
011010001000110001010
           0
011010000110001001010
           0
100101001001100000110
           0
100100110010010000110
           0
011001001010010000110
           0
101001000100110100001
           0
100110000101001100001
           0
100101010000101100001
           0
011010000101010010001
           0
011001010000110010001
           0
010110010001001010001
           0
100101000110100001001
           0
100100110001100001001
           0
011001001001100001001
           0
100100101100010001001
           0
100011010010010001001
           0
011000110010010001001
           0
010110001010010001001
           0
100110010000010110100
           0
011100000100101001100
           0
100101100000011001100
           0
011010010000011001100
           0
011001100000100101100
           0
100101001100000011100
           0
011001010010000011100
           0
011100000011001010010
           0
011001100000011010010
           0
010110100000100110010
           0
101001001000101001100
           0
101000110000101010010
           0
100110001000101010010
           0
101000101010000110010
           0
100101010001000110010
           0
100110000101010001010
           0
100101010000110001010
           0
011001010001001001010
           0
101000101001001100001
           0
101000100110010010001
           0
100100110010001010001
           0
011001001010001010001
           0
110001000010101010100
           0
110000101000011010100
           0
101010000100011010100
           0
101010000011000110100
           0
101010000010110001100
           0
101010000010101100010
           0
110000010101100001010
           0
100011010100000101010
           0
011000110100000101010
           0
010110001100000101010
           0
010101100010000101010
           0
101000011010100000110
           0
010101100001010000110
           0
010101010100001000110
           0
110000010101010100001
           0
100110000011100010001
           0
100011100000110010001
           0
010101010100000110001
           0
110001000100010111000
           0
100011100010000011100
           0
110001000001110100010
           0
011100000100011100010
           0
100010111000001000110
           0
001110100010001000110
           0
110000100010111000001
           0
110000001110100010001
           0
100010111000000110001
           0
001110100010000110001
           0
101001000101001010010
           0
101000101001010001010
           0
100101001010001001010
           0
100101001001010010001
           0
110000100101000110100
           0
110000100100110001100
           0
110000011001001001100
           0
100110000110000101100
           0
011010001001000101100
           0
110000100100101100010
           0
101001001000011100010
           0
110000100011010010010
           0
110000011000110010010
           0
110000010110001010010
           0
011010000110000110010
           0
101001000011100001010
           0
101000011100001001010
           0
100011100001001001010
           0
100101000110100000110
           0
100100110001100000110
           0
011001001001100000110
           0
100100101100010000110
           0
100011010010010000110
           0
011000110010010000110
           0
010110001010010000110
           0
101001000011010100001
           0
100110000100110100001
           0
011010000101001100001
           0
011001010000101100001
           0
010110010000110010001
           0
010101100001001010001
           0
011001000110100001001
           0
100011010001100001001
           0
011000110001100001001
           0
010110001001100001001
           0
100011001100010001001
           0
011000101100010001001
           0
011100000100100110100
           0
100101100000010110100
           0
011010010000010110100
           0
011100000011001001100
           0
011001100000011001100
           0
010110100000100101100
           0
100100110100000011100
           0
011001001100000011100
           0
010110010010000011100
           0
011100000010110010010
           0
010110100000011010010
           0
101000010111000001001
           0
001110100001010001001
           0
010100111000001001001
           0
010011100100001001001
           0
001110010100001001001
           0
101001010000001111000
           0
001111000000101001010
           0
011100001000001111000
           0
001111000001000011100
           0
011100000001111000001
           0
001111000000011100001
           0
101001001000100110100
           0
101000110000101001100
           0
100110001000101001100
           0
101000101010000101100
           0
100101010001000101100
           0
011010001000101010010
           0
011001010001000110010
           0
011010000101010001010
           0
011001010000110001010
           0
010110010001001001010
           0
101000101000110100001
           0
101000100110001100001
           0
101000100101100010001
           0
101000011010010010001
           0
100100101100001010001
           0
100011010010001010001
           0
011000110010001010001
           0
010110001010001010001
           0
100100101010100001001
           0
010101010010010001001
           0
100011100000101100001
           0
011010000011100010001
           0
101001000101001001100
           0
101001000100110010010
           0
100110000101001010010
           0
100101010000101010010
           0
100101001010000110010
           0
101000100110010001010
           0
100100110010001001010
           0
011001001010001001010
           0
100101001001001100001
           0
100101000110010010001
           0
100100110001010010001
           0
011001001001010010001
           0
101010000010101010100
           0
110000011001000110100
           0
110000100011010001100
           0
110000011000110001100
           0
110000010110001001100
           0
011010000110000101100
           0
110000100011001100010
           0
110000011000101100010
           0
101000110000011100010
           0
100110001000011100010
           0
101000011100000110010
           0
100011100001000110010
           0
100110000011100001010
           0
100011100000110001010
           0
010101010100000101010
           0
011001000110100000110
           0
100011010001100000110
           0
011000110001100000110
           0
010110001001100000110
           0
100011001100010000110
           0
011000101100010000110
           0
100110000011010100001
           0
011010000100110100001
           0
010110010000101100001
           0
010101100000110010001
           0
010110000110100001001
           0
100010110100010001001
           0
110001000010100111000
           0
110000101000010111000
           0
101010000100010111000
           0
110001000010011100100
           0
110001000001110010100
           0
011100000100011010100
           0
011100000011000110100
           0
011001100000010110100
           0
011100000010110001100
           0
010110100000011001100
           0
100011010100000011100
           0
011000110100000011100
           0
010110001100000011100
           0
010101100010000011100
           0
101010000001110100010
           0
011100000010101100010
           0
110000001110100001010
           0
100010111000000101010
           0
001110100010000101010
           0
101000010111000000110
           0
001110100001010000110
           0
010100111000001000110
           0
010011100100001000110
           0
001110010100001000110
           0
110000010100111000001
           0
110000010011100100001
           0
110000001110010100001
           0
010100111000000110001
           0
010011100100000110001
           0
001110010100000110001
           0
010011011000001001001
           0
001101100100001001001
           0
100110010000001111000
           0
001111000000100110010
           0
101000101001001010010
           0
100101001001010001010
           0
110000100100101010100
           0
101001001000011010100
           0
101000110000100110100
           0
100110001000100110100
           0
011010001000101001100
           0
011001010001000101100
           0
110000010101010010010
           0
010110010001000110010
           0
010110010000110001010
           0
010101100001001001010
           0
100100101010100000110
           0
010101010010010000110
           0
101000011010001100001
           0
101000011001100010001
           0
100011001100001010001
           0
011000101100001010001
           0
100011001010100001001
           0
011000101010100001001
           0
010101010001100001001
           0
010101001100010001001
           0
101001000010111000001
           0
001110100001001010001
           0
101001000101000110100
           0
101001000100110001100
           0
100110000101001001100
           0
100101010000101001100
           0
100101001010000101100
           0
101001000100101100010
           0
101001000011010010010
           0
100110000100110010010
           0
011010000101001010010
           0
011001010000101010010
           0
100100110010000110010
           0
011001001010000110010
           0
101000100101100001010
           0
101000011010010001010
           0
100100101100001001010
           0
100011010010001001010
           0
011000110010001001010
           0
010110001010001001010
           0
101000100101010100001
           0
100101001000110100001
           0
100101000110001100001
           0
100100110001001100001
           0
011001001001001100001
           0
100101000101100010001
           0
011001000110010010001
           0
100011010001010010001
           0
011000110001010010001
           0
010110001001010010001
           0
010101010010001010001
           0
110000010110000110100
           0
101000011100000101100
           0
100011100001000101100
           0
110000100010110100010
           0
011010001000011100010
           0
011010000011100001010
           0
010110000110100000110
           0
100010110100010000110
           0
011010000011010100001
           0
010101100000101100001
           0
100100100111000001001
           0
100100011100100001001
           0
010011100010010001001
           0
001110010010010001001
           0
110001000010011011000
           0
110001000001101100100
           0
010110100000010110100
           0
010011011000001000110
           0
001101100100001000110
           0
110000010011011000001
           0
110000001101100100001
           0
010011011000000110001
           0
001101100100000110001
           0
001101011000001001001
           0
100101100000001111000
           0
011010010000001111000
           0
001111000000100101100
           0
001111000000011010010
           0
101000101001001001100
           0
101000101000110010010
           0
101000100110001010010
           0
100101000110010001010
           0
100100110001010001010
           0
011001001001010001010
           0
100100101010010010001
           0
110000100011001010100
           0
110000011000101010100
           0
101000110000011010100
           0
100110001000011010100
           0
011010001000100110100
           0
110000010101010001100
           0
010110010001000101100
           0
110000010101001100010
           0
100101010000011100010
           0
100011100000101010010
           0
010101100001000110010
           0
010101100000110001010
           0
100011001010100000110
           0
011000101010100000110
           0
010101010001100000110
           0
010101001100010000110
           0
101000010110100010001
           0
100010110100001010001
           0
100010110010100001001
           0
010100110100010001001
           0
101010000010100111000
           0
101010000010011100100
           0
101010000001110010100
           0
011100000010101010100
           0
010101010100000011100
           0
010100111000000101010
           0
010011100100000101010
           0
001110010100000101010
           0
100110000010111000001
           0
001110100000110010001
           0
011100000100010111000
           0
100010111000000011100
           0
001110100010000011100
           0
011100000001110100010
           0
100101001001001010010
           0
100110000101000110100
           0
100101010000100110100
           0
101001000011010001100
           0
100110000100110001100
           0
011010000101001001100
           0
011001010000101001100
           0
100100110010000101100
           0
011001001010000101100
           0
101001000011001100010
           0
100110000100101100010
           0
100110000011010010010
           0
011010000100110010010
           0
010110010000101010010
           0
100100101100000110010
           0
100011010010000110010
           0
011000110010000110010
           0
010110001010000110010
           0
101000011001100001010
           0
100011001100001001010
           0
011000101100001001010
           0
101000011001010100001
           0
100100110000110100001
           0
011001001000110100001
           0
011001000110001100001
           0
100011010001001100001
           0
011000110001001100001
           0
010110001001001100001
           0
011001000101100010001
           0
010110000110010010001
           0
010101001100001010001
           0
010101001010100001001
           0
110000100100100111000
           0
101001001000010111000
           0
110000100100011100100
           0
110000010011100010010
           0
110000001110010010010
           0
001110100001001001010
           0
100100100111000000110
           0
100100011100100000110
           0
010011100010010000110
           0
001110010010010000110
           0
100100011011000001001
           0
100011000111000001001
           0
011000100111000001001
           0
011000011100100001001
           0
010011100001100001001
           0
001110010001100001001
           0
001110001100010001001
           0
001101100010010001001
           0
110001000001101011000
           0
001101011000001000110
           0
110000001101011000001
           0
001101011000000110001
           0
100001111000010001001
           0
011001100000001111000
           0
001111000000011001100
           0
101001000100101010100
           0
101000101001000110100
           0
101000101000110001100
           0
101000100110001001100
           0
101000101000101100010
           0
101000011010001010010
           0
100101000101100001010
           0
011001000110010001010
           0
100011010001010001010
           0
011000110001010001010
           0
010110001001010001010
           0
010101010010001001010
           0
100101000101010100001
           0
100100101010001100001
           0
100100101001100010001
           0
100011001010010010001
           0
011000101010010010001
           0
010101010001010010001
           0
110000100010110010100
           0
011010001000011010100
           0
100011100000101001100
           0
010101100001000101100
           0
110000010100110100010
           0
011001010000011100010
           0
100010110010100000110
           0
010100110100010000110
           0
101000100100111000001
           0
101000100011100100001
           0
010011100010001010001
           0
001110010010001010001
           0
100010101100100001001
           0
010011010100010001001
           0
101010000010011011000
           0
101010000001101100100
           0
010011011000000101010
           0
001101100100000101010
           0
011010000010111000001
           0
001110100000101100001
           0
001011101000001001001
           0
100101001001001001100
           0
101000100101010010010
           0
100101001000110010010
           0
100101000110001010010
           0
100100110001001010010
           0
011001001001001010010
           0
100100101010010001010
           0
110000010101001010100
           0
100101010000011010100
           0
011010000101000110100
           0
011001010000100110100
           0
100110000011010001100
           0
011010000100110001100
           0
010110010000101001100
           0
100100101100000101100
           0
100011010010000101100
           0
011000110010000101100
           0
010110001010000101100
           0
101001000010110100010
           0
100110000011001100010
           0
011010000100101100010
           0
011010000011010010010
           0
010101100000101010010
           0
100011001100000110010
           0
011000101100000110010
           0
101000010110100001010
           0
100010110100001001010
           0
010101001010100000110
           0
101000010110010100001
           0
100011010000110100001
           0
011000110000110100001
           0
010110001000110100001
           0
010110000110001100001
           0
010110000101100010001
           0
100100011100010010001
           0
010100110100001010001
           0
010100110010100001001
           0
110000100100011011000
           0
110000100011000111000
           0
110000011000100111000
           0
101000110000010111000
           0
100110001000010111000
           0
110000011000011100100
           0
110000010011100001100
           0
110000001110010001100
           0
110000001110001100010
           0
100011100000011100010
           0
110000001101100010010
           0
001110100001000110010
           0
001110100000110001010
           0
100100011011000000110
           0
100011000111000000110
           0
011000100111000000110
           0
011000011100100000110
           0
010011100001100000110
           0
001110010001100000110
           0
001110001100010000110
           0
001101100010010000110
           0
011000011011000001001
           0
001101100001100001001
           0
011100000010100111000
           0
011100000010011100100
           0
011100000001110010100
           0
010100111000000011100
           0
010011100100000011100
           0
001110010100000011100
           0
110000100001111000010
           0
100001111000010000110
           0
010110100000001111000
           0
001111000000010110100
           0
101001000011001010100
           0
100110000100101010100
           0
101000100110000110100
           0
101000011010001001100
           0
010101010010000110010
           0
011001000101100001010
           0
010110000110010001010
           0
010101001100001001010
           0
011001000101010100001
           0
100011001010001100001
           0
011000101010001100001
           0
010101010001001100001
           0
100100100110100010001
           0
100011001001100010001
           0
011000101001100010001
           0
100010110010010010001
           0
110000100010101100100
           0
100011100000100110100
           0
110000010011010100010
           0
010110010000011100010
           0
100010101100100000110
           0
010011010100010000110
           0
101000100011011000001
           0
101000011000111000001
           0
001110001100001010001
           0
001101100010001010001
           0
100010101011000001001
           0
010101000111000001001
           0
001110001010100001001
           0
001101010100010001001
           0
101010000001101011000
           0
001101011000000101010
           0
101000001111000010001
           0
100001111000001010001
           0
110001000001011101000
           0
001011101000001000110
           0
110000001011101000001
           0
001011101000000110001
           0
101000101000101010100
           0
100101001001000110100
           0
101000100101010001100
           0
100101001000110001100
           0
100101000110001001100
           0
100100110001001001100
           0
011001001001001001100
           0
101000100101001100010
           0
100101001000101100010
           0
101000011001010010010
           0
100100110000110010010
           0
011001001000110010010
           0
011001000110001010010
           0
100011010001001010010
           0
011000110001001010010
           0
010110001001001010010
           0
100100101001100001010
           0
100011001010010001010
           0
011000101010010001010
           0
010101010001010001010
           0
100100101001010100001
           0
010101001010010010001
           0
101001000100100111000
           0
101001000100011100100
           0
110000010100110010100
           0
011001010000011010100
           0
010110010000100110100
           0
011010000011010001100
           0
010101100000101001100
           0
100011001100000101100
           0
011000101100000101100
           0
100110000010110100010
           0
011010000011001100010
           0
100010110100000110010
           0
010011100010001001010
           0
001110010010001001010
           0
010100110010100000110
           0
100101000100111000001
           0
101000010101100100001
           0
100101000011100100001
           0
100100011100001100001
           0
011000011100010010001
           0
010011100001010010001
           0
001110010001010010001
           0
010011010100001010001
           0
010100101100100001001
           0
010011010010100001001
           0
110000011000011011000
           0
011010001000010111000
           0
110000001101100001100
           0
001110100001000101100
           0
011000011011000000110
           0
001101100001100000110
           0
100001110100100001001
           0
010010111000010001001
           0
011100000010011011000
           0
011100000001101100100
           0
010011011000000011100
           0
001101100100000011100
           0
100101000101010010010
           0
100100101010001010010
           0
101001000010110010100
           0
100110000011001010100
           0
011010000100101010100
           0
101000011010000110100
           0
010101010010000101100
           0
101000100011100010010
           0
010101001100000110010
           0
010110000101100001010
           0
100100011100010001010
           0
010100110100001001010
           0
010110000101010100001
           0
010101010000110100001
           0
100010110010001100001
           0
100100011010100010001
           0
100011000110100010001
           0
011000100110100010001
           0
100010110001100010001
           0
100010101100010010001
           0
110000100010101011000
           0
110000010101000111000
           0
100101010000010111000
           0
110000001110001010100
           0
100011100000011010100
           0
110000001101010100010
           0
010101100000011100010
           0
001110100000101010010
           0
100010101011000000110
           0
010101000111000000110
           0
001110001010100000110
           0
001101010100010000110
           0
100101000110000110100
           0
100100110001000110100
           0
011001001001000110100
           0
101000011001010001100
           0
100100110000110001100
           0
011001001000110001100
           0
011001000110001001100
           0
100011010001001001100
           0
011000110001001001100
           0
010110001001001001100
           0
101000100100110100010
           0
101000011001001100010
           0
100100110000101100010
           0
011001001000101100010
           0
101000010110010010010
           0
100011010000110010010
           0
011000110000110010010
           0
010110001000110010010
           0
010110000110001010010
           0
100100100110100001010
           0
100011001001100001010
           0
011000101001100001010
           0
100010110010010001010
           0
100100100110010100001
           0
100011001001010100001
           0
011000101001010100001
           0
010101001010001100001
           0
010101001001100010001
           0
010100110010010010001
           0
101001000100011011000
           0
101001000011000111000
           0
100110000100100111000
           0
110000010100101100100
           0
100110000100011100100
           0
110000010011010010100
           0
010110010000011010100
           0
010101100000100110100
           0
100010110100000101100
           0
011010000010110100010
           0
010011100010000110010
           0
001110010010000110010
           0
001110001100001001010
           0
001101100010001001010
           0
010100101100100000110
           0
010011010010100000110
           0
101000010101011000001
           0
100101000011011000001
           0
011001000100111000001
           0
011001000011100100001
           0
011000011100001100001
           0
010011100001001100001
           0
001110010001001100001
           0
001101100001010010001
           0
001101010100001010001
           0
010100101011000001001
           0
010011001100100001001
           0
001101010010100001001
           0
110000100001110100100
           0
110000010010111000010
           0
101001000001111000010
           0
101000001111000001010
           0
100001111000001001010
           0
100001110100100000110
           0
010010111000010000110
           0
100010011101000001001
           0
100001110011000001001
           0
001110000111000001001
           0
001100111000010001001
           0
001011100100010001001
           0
101010000001011101000
           0
011100000001101011000
           0
001101011000000011100
           0
001011101000000101010
           0
001111000000001111000
           0
000111110000001001001
           0
101000100101001010100
           0
100101001000101010100
           0
100101000101010001100
           0
100100101010001001100
           0
100101000101001100010
           0
011001000101010010010
           0
100011001010001010010
           0
011000101010001010010
           0
010101010001001010010
           0
010101001010010001010
           0
101000101000100111000
           0
101001000010101100100
           0
101000101000011100100
           0
100110000010110010100
           0
011010000011001010100
           0
101000100011100001100
           0
010101001100000101100
           0
010100110100000110010
           0
011000011100010001010
           0
010011100001010001010
           0
001110010001010001010
           0
010011010100001001010
           0
100100101000111000001
           0
100010101100001100001
           0
011000011010100010001
           0
001110001010010010001
           0
011001010000010111000
           0
001110100000101001100
           0
101000001110100100001
           0
010010111000001010001
           0
100100101001010010010
           0
011001000110000110100
           0
100011010001000110100
           0
011000110001000110100
           0
010110001001000110100
           0
101000010110010001100
           0
100011010000110001100
           0
011000110000110001100
           0
010110001000110001100
           0
010110000110001001100
           0
101000100011010100010
           0
101000011000110100010
           0
101000010110001100010
           0
100011010000101100010
           0
011000110000101100010
           0
010110001000101100010
           0
101000010101100010010
           0
100101000011100010010
           0
100100011100001010010
           0
100100011010100001010
           0
100011000110100001010
           0
011000100110100001010
           0
100010110001100001010
           0
100010101100010001010
           0
100100100101100100001
           0
100100011010010100001
           0
100011000110010100001
           0
011000100110010100001
           0
100010110001010100001
           0
010100110010001100001
           0
100010101010100010001
           0
010101000110100010001
           0
010100110001100010001
           0
010100101100010010001
           0
010011010010010010001
           0
110000010100101011000
           0
100110000100011011000
           0
100110000011000111000
           0
011010000100100111000
           0
110000010011001100100
           0
011010000100011100100
           0
110000001101010010100
           0
010101100000011010100
           0
010011100010000101100
           0
001110010010000101100
           0
001110001100000110010
           0
001101100010000110010
           0
010100101011000000110
           0
010011001100100000110
           0
001101010010100000110
           0
011001000011011000001
           0
010110000100111000001
           0
010110000011100100001
           0
010011100000110100001
           0
001110010000110100001
           0
001101100001001100001
           0
100100010111000010001
           0
100001110100010010001
           0
010011001011000001001
           0
010010110100100001001
           0
001101001100100001001
           0
110000100010011101000
           0
110000100001110011000
           0
110000001110000111000
           0
100011100000010111000
           0
110000001100111000010
           0
100110000001111000010
           0
110000001011100100010
           0
001110100000011100010
           0
100001111000000110010
           0
100010011101000000110
           0
100001110011000000110
           0
001110000111000000110
           0
001100111000010000110
           0
001011100100010000110
           0
100001101101000001001
           0
001011011000010001001
           0
110001000000111110000
           0
000111110000001000110
           0
110000000111110000001
           0
000111110000000110001
           0
101000100100110010100
           0
101000011001001010100
           0
100100110000101010100
           0
011001001000101010100
           0
100100101010000110100
           0
011001000101010001100
           0
100011001010001001100
           0
011000101010001001100
           0
010101010001001001100
           0
100101000100110100010
           0
011001000101001100010
           0
010110000101010010010
           0
010101010000110010010
           0
100010110010001010010
           0
010101001001100001010
           0
010100110010010001010
           0
010101001001010100001
           0
101001000010101011000
           0
101000101000011011000
           0
100110000010101100100
           0
011010000010110010100
           0
010100110100000101100
           0
010011010100000110010
           0
001101100001010001010
           0
001101010100001001010
           0
100011001000111000001
           0
011000101000111000001
           0
001110001010001100001
           0
001110001001100010001
           0
010110010000010111000
           0
001110100000100110100
           0
101000010011101000001
           0
101000001110011000001
           0
001100111000001010001
           0
001011100100001010001
           0
010100011101000001001
           0
001011100010100001001
           0
011100000001011101000
           0
001011101000000011100
           0
100101000101001010100
           0
100100101001010001100
           0
100100101001001100010
           0
100100100110010010010
           0
100011001001010010010
           0
011000101001010010010
           0
010101001010001010010
           0
101000100101000111000
           0
100101001000100111000
           0
100101001000011100100
           0
010110000110000110100
           0
101000010101100001100
           0
100101000011100001100
           0
100100011100001001100
           0
011001000011100010010
           0
011000011100001010010
           0
010011100001001010010
           0
001110010001001010010
           0
011000011010100001010
           0
001110001010010001010
           0
100100100101011000001
           0
100100011001100100001
           0
100011000101100100001
           0
011000100101100100001
           0
011000011010010100001
           0
010100101100001100001
           0
010011010010001100001
           0
010011010001100010001
           0
010011001100010010001
           0
001101010010010010001
           0
110000010011001011000
           0
011010000100011011000
           0
011010000011000111000
           0
110000010010110100100
           0
101001000001110100100
           0
110000001101001100100
           0
001110001100000101100
           0
001101100010000101100
           0
010010111000001001010
           0
010011001011000000110
           0
010010110100100000110
           0
001101001100100000110
           0
010110000011011000001
           0
001101100000110100001
           0
100001110100001100001
           0
011000010111000010001
           0
010010110011000001001
           0
001101001011000001001
           0
001100110100100001001
           0
110000100001101101000
           0
100001111000000101100
           0
110000001011011000010
           0
011010000001111000010
           0
100001101101000000110
           0
001011011000010000110
           0
101000100100101100100
           0
101000100011010010100
           0
101000011000110010100
           0
101000010110001010100
           0
100011010000101010100
           0
011000110000101010100
           0
010110001000101010100
           0
100011001010000110100
           0
011000101010000110100
           0
010101010001000110100
           0
010110000101010001100
           0
010101010000110001100
           0
100010110010001001100
           0
101000010101010100010
           0
100101000011010100010
           0
011001000100110100010
           0
010110000101001100010
           0
010101010000101100010
           0
100010101100001010010
           0
100010101010100001010
           0
010101000110100001010
           0
010100110001100001010
           0
010100101100010001010
           0
010011010010010001010
           0
100010101010010100001
           0
010101000110010100001
           0
010100110001010100001
           0
010100101010100010001
           0
100110000010101011000
           0
011010000010101100100
           0
010011010100000101100
           0
101000100010111000010
           0
101000001110100010010
           0
001101010100000110010
           0
100100010111000001010
           0
100001110100010001010
           0
100010110000111000001
           0
100010100111000010001
           0
100010011100100010001
           0
100001110010100010001
           0
001110000110100010001
           0
110000010100011101000
           0
010101100000010111000
           0
110000001011100010100
           0
001110100000011010100
           0
010100011101000000110
           0
001011100010100000110
           0
101000001101101000001
           0
001011011000001010001
           0
101010000000111110000
           0
000111110000000101010
           0
100101000100110010100
           0
011001000101001010100
           0
100100100110010001100
           0
100011001001010001100
           0
011000101001010001100
           0
010101001010001001100
           0
100100101000110100010
           0
100100100110001100010
           0
100011001001001100010
           0
011000101001001100010
           0
100100100101100010010
           0
100100011010010010010
           0
100011000110010010010
           0
011000100110010010010
           0
100010110001010010010
           0
010100110010001010010
           0
100101001000011011000
           0
101000011001000111000
           0
100100110000100111000
           0
011001001000100111000
           0
100100110000011100100
           0
011001001000011100100
           0
100100011100000110100
           0
011001000011100001100
           0
011000011100001001100
           0
010011100001001001100
           0
001110010001001001100
           0
010110000011100010010
           0
010011100000110010010
           0
001110010000110010010
           0
001101100001001010010
           0
001110001001100001010
           0
100100011001011000001
           0
100011000101011000001
           0
011000100101011000001
           0
010101001000111000001
           0
100100010110100100001
           0
011000011001100100001
           0
001110001001010100001
           0
010011001100001100001
           0
001101010010001100001
           0
001101010001100010001
           0
010010110100010010001
           0
001101001100010010001
           0
101001000010011101000
           0
110000010010110011000
           0
101001000001110011000
           0
110000001101001011000
           0
110000001100110100100
           0
100110000001110100100
           0
010010111000000110010
           0
001100111000001001010
           0
001011100100001001010
           0
010010110011000000110
           0
001101001011000000110
           0
001100110100100000110
           0
010010101101000001001
           0
001100110011000001001
           0
001011010100100001001
           0
010001111000100001001
           0
100001011110000001001
           0
000111101000010001001
           0
100100101001001010100
           0
010101001001010010010
           0
101000100100101011000
           0
100101000101000111000
           0
101000100011001100100
           0
101000011000101100100
           0
100010110010000110100
           0
100010101100001001100
           0
011001000011010100010
           0
010110000100110100010
           0
001110001010001010010
           0
010011010001100001010
           0
010011001100010001010
           0
001101010010010001010
           0
100010101001100100001
           0
010101000101100100001
           0
010011010001010100001
           0
010011001010100010001
           0
011010000010101011000
           0
101000001110100001100
           0
001101010100000101100
           0
011000010111000001010
           0
100100100011101000001
           0
100010011011000010001
           0
100001101100100010001
           0
001011100010010010001
           0
100101000100101100100
           0
101000010101010010100
           0
100101000011010010100
           0
011001000100110010100
           0
010110000101001010100
           0
010101010000101010100
           0
010101001010000110100
           0
100100100101100001100
           0
100100011010010001100
           0
100011000110010001100
           0
011000100110010001100
           0
100010110001010001100
           0
010100110010001001100
           0
100011001000110100010
           0
011000101000110100010
           0
100100011010001100010
           0
100011000110001100010
           0
011000100110001100010
           0
100010110001001100010
           0
100100011001100010010
           0
100011000101100010010
           0
011000100101100010010
           0
011000011010010010010
           0
010100101100001010010
           0
010011010010001010010
           0
010100101010100001010
           0
010100101010010100001
           0
100100110000011011000
           0
011001001000011011000
           0
101000010110000111000
           0
100011010000100111000
           0
011000110000100111000
           0
010110001000100111000
           0
100011010000011100100
           0
011000110000011100100
           0
010110001000011100100
           0
011000011100000110100
           0
010011100001000110100
           0
001110010001000110100
           0
010110000011100001100
           0
010011100000110001100
           0
001110010000110001100
           0
001101100001001001100
           0
101000010100111000010
           0
100101000010111000010
           0
101000010011100100010
           0
101000001110010100010
           0
010011100000101100010
           0
001110010000101100010
           0
001101100000110010010
           0
100001110100001010010
           0
100010100111000001010
           0
100010011100100001010
           0
100001110010100001010
           0
001110000110100001010
           0
100100010110011000001
           0
011000011001011000001
           0
010100110000111000001
           0
011000010110100100001
           0
100010011100010100001
           0
100001110010010100001
           0
001110000110010100001
           0
010010110100001100001
           0
001101001100001100001
           0
010100100111000010001
           0
010100011100100010001
           0
001100110100010010001
           0
110000010010101101000
           0
101001000001101101000
           0
100110000010011101000
           0
110000001100110011000
           0
100110000001110011000
           0
110000001011010100100
           0
011010000001110100100
           0
010010111000000101100
           0
001100111000000110010
           0
001011100100000110010
           0
001011011000001001010
           0
010010101101000000110
           0
001100110011000000110
           0
001011010100100000110
           0
001100101101000001001
           0
001011010011000001001
           0
001110100000010111000
           0
110000010001111000100
           0
010001111000100000110
           0
110000100001011110000
           0
110000000111101000010
           0
100001011110000000110
           0
000111101000010000110
           0
011100000000111110000
           0
000111110000000011100
           0
100100101000110010100
           0
100100100110001010100
           0
100011001001001010100
           0
011000101001001010100
           0
010101001001010001100
           0
100100100101010100010
           0
010101001001001100010
           0
100010101010010010010
           0
010101000110010010010
           0
010100110001010010010
           0
101000100011001011000
           0
101000011000101011000
           0
011001000101000111000
           0
101000100010110100100
           0
100010101100000110100
           0
001110001010001001100
           0
010110000011010100010
           0
001101010001100001010
           0
010010110100010001010
           0
001101001100010001010
           0
100010101001011000001
           0
010101000101011000001
           0
100010100110100100001
           0
001101010001010100001
           0
010010110010100010001
           0
001101001010100010001
           0
100011000011101000001
           0
011000100011101000001
           0
001110001000111000001
           0
001011100010001100001
           0
100001101011000010001
           0
001011100001100010001
           0
010001110101000001001
           0
001010111000100001001
           0
101000001011110000001
           0
000111101000001010001
           0
100101000100101011000
           0
100100101001000111000
           0
101000010101001100100
           0
100101000011001100100
           0
011001000100101100100
           0
011001000011010010100
           0
010110000100110010100
           0
010100110010000110100
           0
100100011001100001100
           0
100011000101100001100
           0
011000100101100001100
           0
011000011010010001100
           0
010100101100001001100
           0
010011010010001001100
           0
100010110000110100010
           0
011000011010001100010
           0
100100010110100010010
           0
011000011001100010010
           0
001110001001010010010
           0
010011001100001010010
           0
001101010010001010010
           0
010011001010100001010
           0
010100101001100100001
           0
010011001010010100001
           0
101000100100011101000
           0
100011010000011011000
           0
011000110000011011000
           0
010110001000011011000
           0
001101100001000110100
           0
001101100000110001100
           0
100001110100001001100
           0
101000010011011000010
           0
011001000010111000010
           0
101000001101100100010
           0
001101100000101100010
           0
100010011011000001010
           0
100001101100100001010
           0
001011100010010001010
           0
100100010101101000001
           0
011000010110011000001
           0
010011010000111000001
           0
100001110001100100001
           0
001110000101100100001
           0
100001101100010100001
           0
001100110100001100001
           0
010100011011000010001
           0
010011000111000010001
           0
001011010100010010001
           0
110000001100101101000
           0
100110000001101101000
           0
011010000010011101000
           0
110000001011010011000
           0
011010000001110011000
           0
001100111000000101100
           0
001011100100000101100
           0
001011011000000110010
           0
001100101101000000110
           0
001011010011000000110
           0
100100001111000100001
           0
010001111000010010001
           0
001011001101000001001
           0
010010011110000001001
           0
000111100100100001001
           0
100100101000101100100
           0
100011001000110010100
           0
011000101000110010100
           0
100100011010001010100
           0
100011000110001010100
           0
011000100110001010100
           0
100010110001001010100
           0
100010101010010001100
           0
010101000110010001100
           0
010100110001010001100
           0
100100011001010100010
           0
100011000101010100010
           0
011000100101010100010
           0
010101001000110100010
           0
100010101010001100010
           0
010101000110001100010
           0
010100110001001100010
           0
100010101001100010010
           0
010101000101100010010
           0
010011010001010010010
           0
101000100010110011000
           0
010110000101000111000
           0
010101010000100111000
           0
010101010000011100100
           0
101000010011100010100
           0
101000001110010010100
           0
010011100000101010100
           0
001110010000101010100
           0
001110001010000110100
           0
010100100111000001010
           0
010100011100100001010
           0
001100110100010001010
           0
100010100110011000001
           0
100010011010100100001
           0
010100011100010100001
           0
010010101100100010001
           0
001100110010100010001
           0
110000010001110101000
           0
110000001010111000100
           0
010001110101000000110
           0
001010111000100000110
           0
100100100101010010100
           0
010101001001001010100
           0
010100101010010010010
           0
101000010101001011000
           0
100101000011001011000
           0
011001000100101011000
           0
100100100110000111000
           0
100011001001000111000
           0
011000101001000111000
           0
101000010100110100100
           0
100101000010110100100
           0
011001000011001100100
           0
010110000100101100100
           0
010110000011010010100
           0
010100101100000110100
           0
010011010010000110100
           0
100100010110100001100
           0
011000011001100001100
           0
001110001001010001100
           0
010011001100001001100
           0
001101010010001001100
           0
100100100100111000010
           0
100100100011100100010
           0
001110001001001100010
           0
011000010110100010010
           0
100010011100010010010
           0
100001110010010010010
           0
001110000110010010010
           0
010010110100001010010
           0
001101001100001010010
           0
010010110010100001010
           0
001101001010100001010
           0
010100101001011000001
           0
010100100110100100001
           0
010011001001100100001
           0
010010110010010100001
           0
001101001010010100001
           0
101000011000011101000
           0
100001110100000110100
           0
101000001101011000010
           0
010110000010111000010
           0
100001101011000001010
           0
001011100001100001010
           0
011000010101101000001
           0
010101000011101000001
           0
100001110001011000001
           0
001110000101011000001
           0
001101010000111000001
           0
001011100001010100001
           0
001011010100001100001
           0
001101000111000010001
           0
110000001011001101000
           0
011010000001101101000
           0
001011011000000101100
           0
001011001101000000110
           0
011000001111000100001
           0
010001111000001100001
           0
100001011101000010001
           0
001010110101000001001
           0
110000010010011110000
           0
101001000001011110000
           0
110000000111100100100
           0
000111101000001001010
           0
010010011110000000110
           0
000111100100100000110
           0
010001101110000001001
           0
001100011110000001001
           0
000111100011000001001
           0
000111011000100001001
           0
100100101000101011000
           0
100011001000101100100
           0
011000101000101100100
           0
100010110000110010100
           0
011000011010001010100
           0
100010101001100001100
           0
010101000101100001100
           0
010011010001010001100
           0
100100010110010100010
           0
011000011001010100010
           0
010100110000110100010
           0
010011010001001100010
           0
100010100110100010010
           0
001101010001010010010
           0
101000100010101101000
           0
100101000100011101000
           0
010101010000011011000
           0
101000001110001100100
           0
101000001101100010100
           0
001101100000101010100
           0
001011100010001010010
           0
010100011011000001010
           0
010011000111000001010
           0
001011010100010001010
           0
100010100101101000001
           0
100010011010011000001
           0
100001101010100100001
           0
010010101011000010001
           0
001100101100100010001
           0
001011010010100010001
           0
101000100001111000100
           0
010001111000010001010
           0
100100001110101000001
           0
001010111000010010001
           0
100100100101001100100
           0
100100011001010010100
           0
100011000101010010100
           0
011000100101010010100
           0
010101001000110010100
           0
100010101010001010100
           0
010101000110001010100
           0
010100110001001010100
           0
010100101010010001100
           0
100010101001010100010
           0
010101000101010100010
           0
010100101010001100010
           0
010100101001100010010
           0
010011001010010010010
           0
101000010100110011000
           0
100101000010110011000
           0
011001000011001011000
           0
010110000100101011000
           0
100100011010000111000
           0
100011000110000111000
           0
011000100110000111000
           0
100010110001000111000
           0
101000010011010100100
           0
011001000010110100100
           0
010110000011001100100
           0
010011001100000110100
           0
001101010010000110100
           0
011000010110100001100
           0
100010011100010001100
           0
100001110010010001100
           0
001110000110010001100
           0
010010110100001001100
           0
001101001100001001100
           0
100100100011011000010
           0
100100011000111000010
           0
100011000100111000010
           0
011000100100111000010
           0
100011000011100100010
           0
011000100011100100010
           0
001110001000110100010
           0
100010011100001100010
           0
100001110010001100010
           0
001110000110001100010
           0
100001110001100010010
           0
001110000101100010010
           0
100001101100010010010
           0
001100110100001010010
           0
010010101100100001010
           0
001100110010100001010
           0
010100100110011000001
           0
010011001001011000001
           0
010100011010100100001
           0
010011000110100100001
           0
010010110001100100001
           0
001101001001100100001
           0
010010101100010100001
           0
001100110010010100001
           0
010011100000100111000
           0
001110010000100111000
           0
010011100000011100100
           0
001110010000011100100
           0
100100001111000010010
           0
100010010111000100001
           0
010001110100100010001
           0
110000001010110101000
           0
001010110101000000110
           0
100100010011110000001
           0
000111100100010010001
           0
110000010001101110000
           0
110000001100011110000
           0
100110000001011110000
           0
110000000111100011000
           0
110000000111011000100
           0
000111101000000110010
           0
010001101110000000110
           0
001100011110000000110
           0
000111100011000000110
           0
000111011000100000110
           0
100011001000101011000
           0
011000101000101011000
           0
010101001001000111000
           0
100010110000101100100
           0
100100100011100010100
           0
001110001001001010100
           0
100010100110100001100
           0
001101010001010001100
           0
100100010101100100010
           0
011000010110010100010
           0
010011010000110100010
           0
001101010001001100010
           0
100010011010100010010
           0
010100011100010010010
           0
011001000100011101000
           0
101000001110001011000
           0
001011100010001001100
           0
001101000111000001010
           0
100010011001101000001
           0
100001101010011000001
           0
001100101011000010001
           0
001011001100100010001
           0
101000001011101000010
           0
100001011101000001010
           0
011000001110101000001
           0
001110000011101000001
           0
001011100000111000001
           0
001010111000001100001
           0
001010101110000001001
           0
000111010101000001001
           0
100100100101001011000
           0
100100100100110100100
           0
100100011001001100100
           0
100011000101001100100
           0
011000100101001100100
           0
010101001000101100100
           0
100100010110010010100
           0
011000011001010010100
           0
010100110000110010100
           0
010011010001001010100
           0
010100101001100001100
           0
010011001010010001100
           0
100010100110010100010
           0
010011001010001100010
           0
010100100110100010010
           0
010011001001100010010
           0
010010110010010010010
           0
001101001010010010010
           0
101000010100101101000
           0
100101000010101101000
           0
100100101000011101000
           0
101000010011010011000
           0
011001000010110011000
           0
010110000011001011000
           0
011000011010000111000
           0
101000001101010100100
           0
010110000010110100100
           0
010010110100000110100
           0
001101001100000110100
           0
100001110001100001100
           0
001110000101100001100
           0
100001101100010001100
           0
001100110100001001100
           0
100011000011011000010
           0
011000100011011000010
           0
011000011000111000010
           0
100001101100001100010
           0
001011100001010010010
           0
001011010100001010010
           0
010010101011000001010
           0
001100101100100001010
           0
001011010010100001010
           0
010100100101101000001
           0
010100011010011000001
           0
010011000110011000001
           0
010010110001011000001
           0
001101001001011000001
           0
001101000110100100001
           0
001100110001100100001
           0
001100101100010100001
           0
001011010010010100001
           0
101000100001110101000
           0
010011100000011011000
           0
001110010000011011000
           0
001101100000100111000
           0
100101000001111000100
           0
001101100000011100100
           0
100100001111000001100
           0
011000001111000010010
           0
010001111000001010010
           0
001010111000010001010
           0
100001100111000100001
           0
100001011100100100001
           0
010010011101000010001
           0
010001110011000010001
           0
100100001101110000001
           0
011000010011110000001
           0
000111100100001100001
           0
000111011000010010001
           0
011010000001011110000
           0
000111101000000101100
           0
001001111001000001001
           0
100010101001010010100
           0
010101000101010010100
           0
010100101010001010100
           0
010100101001010100010
           0
100010110000101011000
           0
100010101010000111000
           0
010101000110000111000
           0
010100110001000111000
           0
100011000011100010100
           0
011000100011100010100
           0
001110001000110010100
           0
100010011100001010100
           0
100001110010001010100
           0
001110000110001010100
           0
100010011010100001100
           0
010100011100010001100
           0
100100010101011000010
           0
100010101000111000010
           0
010101000100111000010
           0
011000010101100100010
           0
010101000011100100010
           0
100001110001010100010
           0
001110000101010100010
           0
001101010000110100010
           0
010100011100001100010
           0
100001101010100010010
           0
010010101010100100001
           0
010110000100011101000
           0
101000010010111000100
           0
001011100010000110100
           0
010001110100100001010
           0
100010010110101000001
           0
100001101001101000001
           0
010100010111000100001
           0
010001110100010100001
           0
001011001011000010001
           0
001010110100100010001
           0
101000100010011110000
           0
000111100100010001010
           0
100010100011110000001
           0
000111100010100010001
           0
110000001010101110000
           0
110000000111010101000
           0
001010101110000000110
           0
000111010101000000110
           0
100000111110000010001
           0
100100100100110011000
           0
100100011001001011000
           0
100011000101001011000
           0
011000100101001011000
           0
010101001000101011000
           0
100100100011010100100
           0
100100011000110100100
           0
100011000100110100100
           0
011000100100110100100
           0
100100010110001100100
           0
011000011001001100100
           0
010100110000101100100
           0
100100010101100010100
           0
011000010110010010100
           0
010011010000110010100
           0
001101010001001010100
           0
010100100110100001100
           0
010011001001100001100
           0
010010110010010001100
           0
001101001010010001100
           0
100010100101100100010
           0
100010011010010100010
           0
010010110010001100010
           0
001101001010001100010
           0
010100011010100010010
           0
010011000110100010010
           0
010010110001100010010
           0
001101001001100010010
           0
010010101100010010010
           0
001100110010010010010
           0
101000010011001101000
           0
011001000010101101000
           0
100011001000011101000
           0
011000101000011101000
           0
101000001101010011000
           0
010110000010110011000
           0
001110001001000111000
           0
001100110100000110100
           0
001011100001010001100
           0
001011010100001001100
           0
100100001110100100010
           0
001011100001001100010
           0
100010010111000010010
           0
001100101011000001010
           0
001011001100100001010
           0
010100011001101000001
           0
010011000101101000001
           0
001101000110011000001
           0
001100110001011000001
           0
001011010001100100001
           0
001011001100010100001
           0
001101100000011011000
           0
011001000001111000100
           0
011000001111000001100
           0
010001111000001001100
           0
100001011100011000001
           0
100001011011000100001
           0
010001101101000010001
           0
001100011101000010001
           0
011000001101110000001
           0
000111011000001100001
           0
110000001001111001000
           0
001001111001000000110
           0
001001110110000001001
           0
000111001110000001001
           0
000110111001000001001
           0
100010101001001100100
           0
010101000101001100100
           0
100010100110010010100
           0
010011001010001010100
           0
010100100110010100010
           0
010011001001010100010
           0
010011010001000111000
           0
001110001000101100100
           0
100001101100001010100
           0
100001101010100001100
           0
011000010101011000010
           0
010101000011011000010
           0
010010101010011000001
           0
001100101010100100001
           0
100101000001110101000
           0
101000001100111000100
           0
101000001011100100100
           0
001010111000001010010
           0
010010011101000001010
           0
010001110011000001010
           0
100001100110101000001
           0
001010110011000010001
           0
101000100001101110000
           0
000111011000010001010
           0
010100101001010010100
           0
100100100100101101000
           0
100100100011010011000
           0
100100011000110011000
           0
100011000100110011000
           0
011000100100110011000
           0
100100010110001011000
           0
011000011001001011000
           0
010100110000101011000
           0
010100101010000111000
           0
100011000011010100100
           0
011000100011010100100
           0
011000011000110100100
           0
011000010110001100100
           0
010011010000101100100
           0
011000010101100010100
           0
010101000011100010100
           0
100001110001010010100
           0
001110000101010010100
           0
001101010000110010100
           0
010100011100001010100
           0
010100011010100001100
           0
010011000110100001100
           0
010010110001100001100
           0
001101001001100001100
           0
010010101100010001100
           0
001100110010010001100
           0
100010100101011000010
           0
010100101000111000010
           0
100010011001100100010
           0
100001101010010100010
           0
010010101100001100010
           0
001100110010001100010
           0
001101000110100010010
           0
001100110001100010010
           0
001100101100010010010
           0
001011010010010010010
           0
101000010010110101000
           0
101000001101001101000
           0
010110000010101101000
           0
100010110000011101000
           0
100010011100000111000
           0
100001110010000111000
           0
001110000110000111000
           0
001011010100000110100
           0
100010010111000001100
           0
100100010011101000010
           0
100100001110011000010
           0
100001110000111000010
           0
001110000100111000010
           0
011000001110100100010
           0
001110000011100100010
           0
001011100000110100010
           0
100001100111000010010
           0
100001011100100010010
           0
001011001011000001010
           0
001010110100100001010
           0
010100010110101000001
           0
001101000101101000001
           0
001011010001011000001
           0
010010100111000100001
           0
010010011100100100001
           0
010001110010100100001
           0
001010110100010100001
           0
101000010100011110000
           0
100101000010011110000
           0
010110000001111000100
           0
010001111000000110100
           0
000111100100001010010
           0
000111100010100001010
           0
100010010101110000001
           0
010100100011110000001
           0
000111100010010100001
           0
000111010100100010001
           0
110000001001110110000
           0
110000000111001110000
           0
110000000110111001000
           0
101000000111110000010
           0
100000111110000001010
           0
001001110110000000110
           0
000111001110000000110
           0
000110111001000000110
           0
000110110110000001001
           0
100010101001001011000
           0
010101000101001011000
           0
100100010101010100100
           0
100010101000110100100
           0
010101000100110100100
           0
100010100110001100100
           0
100010100101100010100
           0
100010011010010010100
           0
010010110010001010100
           0
001101001010001010100
           0
010100100101100100010
           0
010100011010010100010
           0
010011000110010100010
           0
010010110001010100010
           0
001101001001010100010
           0
010010101010100010010
           0
010101001000011101000
           0
001110001000101011000
           0
001101010001000111000
           0
100100100010111000100
           0
100100001110100010100
           0
001011100001001010100
           0
010100010111000010010
           0
010001110100010010010
           0
010010101001101000001
           0
001100101010011000001
           0
001011001010100100001
           0
011001000001110101000
           0
101000001011100011000
           0
101000001011011000100
           0
001010111000001001100
           0
010001101101000001010
           0
001100011101000001010
           0
100001011010101000001
           0
001010101101000010001
           0
100010001111001000001
           0
001001111000100010001
           0
010100101001001100100
           0
010100100110010010100
           0
010011001001010010100
           0
100100100011001101000
           0
100100011000101101000
           0
100011000100101101000
           0
011000100100101101000
           0
100011000011010011000
           0
011000100011010011000
           0
011000011000110011000
           0
011000010110001011000
           0
010011010000101011000
           0
010011001010000111000
           0
100001110001001100100
           0
001110000101001100100
           0
001101010000101100100
           0
001101000110100001100
           0
001100110001100001100
           0
001100101100010001100
           0
001011010010010001100
           0
100010011001011000010
           0
010011001000111000010
           0
100010010110100100010
           0
100001101001100100010
           0
001100101100001100010
           0
001011010010001100010
           0
001011010001100010010
           0
001011001100010010010
           0
101000001100110101000
           0
100001101100000111000
           0
100001100111000001100
           0
100001011100100001100
           0
100100001101101000010
           0
011000010011101000010
           0
011000001110011000010
           0
001110000011011000010
           0
100001011011000010010
           0
001010110011000001010
           0
010010011100011000001
           0
010001110010011000001
           0
010010011011000100001
           0
001100100111000100001
           0
010001101100100100001
           0
001100011100100100001
           0
100101000001101110000
           0
011001000010011110000
           0
000111100100001001100
           0
000111011000001010010
           0
100001100101110000001
           0
010011000011110000001
           0
000111100001100100001
           0
000111010011000010001
           0
100000111101000100001
           0
010001011110000010001
           0
110000000110110110000
           0
000110110110000000110
           0
100100010101010011000
           0
100010101000110011000
           0
010101000100110011000
           0
100010100110001011000
           0
011000010101010100100
           0
010101000011010100100
           0
100010011010001100100
           0
100010011001100010100
           0
100001101010010010100
           0
010010101100001010100
           0
001100110010001010100
           0
010010101010100001100
           0
010100100101011000010
           0
010100011001100100010
           0
010011000101100100010
           0
001101000110010100010
           0
001100110001010100010
           0
001100101010100010010
           0
010100110000011101000
           0
010100011100000111000
           0
100011000010111000100
           0
011000100010111000100
           0
011000001110100010100
           0
001110000011100010100
           0
001011100000110010100
           0
010100010111000001100
           0
010001110100010001100
           0
100010100011101000010
           0
100001011100010100010
           0
010001110100001100010
           0
010010100110101000001
           0
001100101001101000001
           0
001011001010011000001
           0
001010110010100100001
           0
101000010010101110000
           0
010110000001110101000
           0
001010111000000110100
           0
000111010100100001010
           0
010100010101110000001
           0
000111010100010100001
           0
100010001110110000001
           0
000110111000100010001
           0
010100101001001011000
           0
100010100101010100100
           0
010100101000110100100
           0
010100100110001100100
           0
010011001001001100100
           0
010100100101100010100
           0
010100011010010010100
           0
010011000110010010100
           0
010010110001010010100
           0
001101001001010010100
           0
010010101010010100010
           0
100100100010110101000
           0
100011000011001101000
           0
011000100011001101000
           0
011000011000101101000
           0
100001110001001011000
           0
001110000101001011000
           0
001101010000101011000
           0
010010110010000111000
           0
001101001010000111000
           0
100100010100111000100
           0
100100010011100100100
           0
100100001110010100100
           0
100001110000110100100
           0
001110000100110100100
           0
001011010001100001100
           0
001011001100010001100
           0
100010010110011000010
           0
100001101001011000010
           0
010010110000111000010
           0
001101001000111000010
           0
100001100110100100010
           0
001011001100001100010
           0
010010100111000010010
           0
010010011100100010010
           0
010001110010100010010
           0
001010110100010010010
           0
100100100100011110000
           0
101000001011010101000
           0
001110001000011101000
           0
001011100001000111000
           0
100001011011000001100
           0
011000001101101000010
           0
000111100010010010010
           0
001010101101000001010
           0
010001110001101000001
           0
010001101100011000001
           0
001100011100011000001
           0
010001101011000100001
           0
001100011011000100001
           0
001011000111000100001
           0
011001000001101110000
           0
010110000010011110000
           0
101000010001111001000
           0
000111100100000110100
           0
000111011000001001100
           0
001001111000100001010
           0
100001011001110000001
           0
001101000011110000001
           0
100001010111001000001
           0
010100001111001000001
           0
000111100001011000001
           0
001001111000010100001
           0
001001110101000010001
           0
000111001101000010001
           0
000101111010000001001
           0
100100010101001101000
           0
100010101000101101000
           0
010101000100101101000
           0
011000010101010011000
           0
010101000011010011000
           0
100010011010001011000
           0
100001101010001100100
           0
100010010110100010100
           0
100001101001100010100
           0
001100101100001010100
           0
001011010010001010100
           0
001100101010100001100
           0
010100011001011000010
           0
010011000101011000010
           0
010100010110100100010
           0
001101000101100100010
           0
001011010001010100010
           0
001011001010100010010
           0
010011010000011101000
           0
001011100000101100100
           0
010010011010101000001
           0
001100100110101000001
           0
001011001001101000001
           0
001010110010011000001
           0
001010101100100100001
           0
101000001100101110000
           0
000111010011000001010
           0
101000000111101000100
           0
010001011110000001010
           0
100000111100101000001
           0
001010011110000010001
           0
100010100101010011000
           0
010100101000110011000
           0
010100100110001011000
           0
010011001001001011000
           0
100010011001010100100
           0
010011001000110100100
           0
010100011010001100100
           0
010011000110001100100
           0
010010110001001100100
           0
001101001001001100100
           0
010100011001100010100
           0
010011000101100010100
           0
001101000110010010100
           0
001100110001010010100
           0
010010101001100100010
           0
001100101010010100010
           0
100011000010110101000
           0
011000100010110101000
           0
100100010011100011000
           0
100100001110010011000
           0
100001110000110011000
           0
001110000100110011000
           0
010010101100000111000
           0
001100110010000111000
           0
100100010011011000100
           0
011000010100111000100
           0
010101000010111000100
           0
100100001101100100100
           0
011000010011100100100
           0
011000001110010100100
           0
001110000011010100100
           0
100001011100010010100
           0
010001110100001010100
           0
010010100111000001100
           0
010010011100100001100
           0
010001110010100001100
           0
001010110100010001100
           0
100010010101101000010
           0
010100100011101000010
           0
100001100110011000010
           0
001100110000111000010
           0
100001011010100100010
           0
001010110100001100010
           0
010010011011000010010
           0
001100100111000010010
           0
010001101100100010010
           0
001100011100100010010
           0
100100011000011110000
           0
100011000100011110000
           0
011000100100011110000
           0
000111100010010001100
           0
100010001111000100010
           0
000111100010001100010
           0
000111100001100010010
           0
010010100101110000001
           0
000111010010100100001
           0
101000010001110110000
           0
010110000001101110000
           0
000111011000000110100
           0
100100001011110000010
           0
100000111101000010010
           0
000110111000100001010
           0
100001010110110000001
           0
010100001110110000001
           0
000110111000010100001
           0
000110110101000010001
           0
110000000101111010000
           0
000101111010000000110
           0
010100100101010100100
           0
010010101010010010100
           0
100100010100110101000
           0
011000010101001101000
           0
010101000011001101000
           0
100001101010001011000
           0
100010100100111000100
           0
100010100011100100100
           0
100001100110100010100
           0
001011001100001010100
           0
001011001010100001100
           0
010100010110011000010
           0
001101000101011000010
           0
010010011100010100010
           0
010001110010010100010
           0
001010110010100010010
           0
100100100010101110000
           0
001101010000011101000
           0
001011100000101011000
           0
000111010100010010010
           0
010001101010101000001
           0
001100011010101000001
           0
001011000110101000001
           0
001010110001101000001
           0
001010101100011000001
           0
001010101011000100001
           0
101000001011001110000
           0
101000001010111001000
           0
001001110101000001010
           0
000111001101000001010
           0
010001011101000100001
           0
100000111011001000001
           0
001001101110000010001
           0
100010100101001101000
           0
010100101000101101000
           0
100010011001010011000
           0
010011001000110011000
           0
010100011010001011000
           0
010011000110001011000
           0
010010110001001011000
           0
001101001001001011000
           0
100010010110010100100
           0
100001101001010100100
           0
010010110000110100100
           0
001101001000110100100
           0
001101000110001100100
           0
001100110001001100100
           0
010100010110100010100
           0
001101000101100010100
           0
001011010001010010100
           0
010010101001011000010
           0
010010100110100100010
           0
001100101001100100010
           0
001011001010010100010
           0
100100001110001101000
           0
100001110000101101000
           0
001110000100101101000
           0
100100001101100011000
           0
011000010011100011000
           0
011000001110010011000
           0
001110000011010011000
           0
001100101100000111000
           0
001011010010000111000
           0
100100001101011000100
           0
011000010011011000100
           0
011000001101100100100
           0
100001011100001100100
           0
010010011011000001100
           0
001100100111000001100
           0
010001101100100001100
           0
001100011100100001100
           0
100001100101101000010
           0
010011000011101000010
           0
100001011010011000010
           0
001011010000111000010
           0
010001101011000010010
           0
001100011011000010010
           0
001011000111000010010
           0
011000011000011110000
           0
100100100001111001000
           0
000111100001100001100
           0
001001111000010010010
           0
010010011001110000001
           0
001100100101110000001
           0
010010010111001000001
           0
000111010010011000001
           0
001001110100100100001
           0
000111001100100100001
           0
101000000111100101000
           0
100000111101000001100
           0
011000001011110000010
           0
001010011110000001010
           0
010100100101010011000
           0
010100011001010100100
           0
010011000101010100100
           0
010010101010001100100
           0
010010101001100010100
           0
001100101010010010100
           0
100100010011010101000
           0
011000010100110101000
           0
010101000010110101000
           0
100010100011100011000
           0
100010100011011000100
           0
100010011000111000100
           0
100001011010100010100
           0
001010110100001010100
           0
001010110010100001100
           0
010100010101101000010
           0
010001110001100100010
           0
010001101100010100010
           0
001100011100010100010
           0
001010101100100010010
           0
100011000010101110000
           0
011000100010101110000
           0
100010101000011110000
           0
010101000100011110000
           0
010001110100000111000
           0
001110000010111000100
           0
100010001111000010100
           0
000111100010001010100
           0
000111010100010001100
           0
100010001110101000010
           0
100001010111000100010
           0
010100001111000100010
           0
000111100001010100010
           0
000111010100001100010
           0
101000001010110110000
           0
000110110101000001010
           0
100000111010110000001
           0
000110101110000010001
           0
100010100100110101000
           0
100010011001001101000
           0
010011001000101101000
           0
100010010110010011000
           0
100001101001010011000
           0
010010110000110011000
           0
001101001000110011000
           0
001101000110001011000
           0
001100110001001011000
           0
010100100100111000100
           0
100010010101100100100
           0
010100100011100100100
           0
100001100110010100100
           0
001100110000110100100
           0
001011010001001100100
           0
010010011100010010100
           0
010001110010010010100
           0
010010100110011000010
           0
001100101001011000010
           0
010010011010100100010
           0
001100100110100100010
           0
001011001001100100010
           0
001010110010010100010
           0
100100010100101110000
           0
011000001110001101000
           0
001110000011001101000
           0
011000001101100011000
           0
100001011100001011000
           0
001011001100000111000
           0
011000001101011000100
           0
010001101011000001100
           0
001100011011000001100
           0
001011000111000001100
           0
100001011001101000010
           0
001101000011101000010
           0
000111010010100010010
           0
001010101010101000001
           0
100100100001110110000
           0
100011000001111001000
           0
011000100001111001000
           0
001011100000011101000
           0
001001111000010001100
           0
100010010011110000010
           0
100000111100100100010
           0
001001111000001100010
           0
000110111000010010010
           0
010010010110110000001
           0
010001101001110000001
           0
001100011001110000001
           0
001011000101110000001
           0
010001100111001000001
           0
001100010111001000001
           0
010001011100101000001
           0
000111010001101000001
           0
001001110100011000001
           0
000111001100011000001
           0
001010011101000100001
           0
001001110011000100001
           0
000111001011000100001
           0
000110110100100100001
           0
101000000111011001000
           0
001001101110000001010
           0
100001001111010000001
           0
000101111001000010001
           0
000011111100000001001
           0
010100100101001101000
           0
010100011001010011000
           0
010011000101010011000
           0
010010101010001011000
           0
010100010110010100100
           0
001101000101010100100
           0
001100101010001100100
           0
010010100110100010100
           0
001100101001100010100
           0
001011001010010010100
           0
100100001101010101000
           0
011000010011010101000
           0
100001101000111000100
           0
001010101100100001100
           0
010001110001011000010
           0
001010101011000010010
           0
100100001011101000100
           0
010001011101000010010
           0
010010101001010100100
           0
100010100011010101000
           0
100010011000110101000
           0
100010010110001101000
           0
100001101001001101000
           0
010010110000101101000
           0
001101001000101101000
           0
100010010101100011000
           0
010100100011100011000
           0
100001100110010011000
           0
001100110000110011000
           0
001011010001001011000
           0
100010010101011000100
           0
010100100011011000100
           0
010100011000111000100
           0
010011000100111000100
           0
100001100101100100100
           0
010011000011100100100
           0
100001011010010100100
           0
001011010000110100100
           0
010010011100001100100
           0
010001110010001100100
           0
010001110001100010100
           0
010001101100010010100
           0
001100011100010010100
           0
010010100101101000010
           0
010010011010011000010
           0
001100100110011000010
           0
001011001001011000010
           0
010001101010100100010
           0
001100011010100100010
           0
001011000110100100010
           0
001010110001100100010
           0
001010101100010100010
           0
100100010011001110000
           0
011000010100101110000
           0
010101000010101110000
           0
010100101000011110000
           0
100100010010111001000
           0
001110000010110101000
           0
001010110100000111000
           0
100001010111000010100
           0
010100001111000010100
           0
000111100001010010100
           0
000111010100001010100
           0
000111010010100001100
           0
100001010110101000010
           0
010100001110101000010
           0
001001110100100010010
           0
000111001100100010010
           0
100011000001110110000
           0
011000100001110110000
           0
100001110000011110000
           0
001110000100011110000
           0
000111100010000111000
           0
000110111000010001100
           0
100010001101110000010
           0
100001100011110000010
           0
100000111100011000010
           0
000111100000111000010
           0
100000111011000100010
           0
000110111000001100010
           0
010001100110110000001
           0
001100010110110000001
           0
010001011011001000001
           0
000110110100011000001
           0
001001101101000100001
           0
000110110011000100001
           0
101000000111010110000
           0
000110101110000001010
           0
100000110111010000001
           0
010000111110000100001
           0
000101110110000010001
           0
110000000011111100000
           0
000011111100000000110
           0
010100100100110101000
           0
010100011001001101000
           0
010011000101001101000
           0
010100010110010011000
           0
001101000101010011000
           0
001100101010001011000
           0
010100010101100100100
           0
001011001010001100100
           0
010010011010100010100
           0
001100100110100010100
           0
001011001001100010100
           0
001010110010010010100
           0
100010100100101110000
           0
011000001101010101000
           0
100010001110100100100
           0
001010101011000001100
           0
010010010111000100010
           0
000111010010010100010
           0
010101000001111001000
           0
011000001011101000100
           0
100000111100100010100
           0
001001111000001010100
           0
010001011101000001100
           0
010100010011110000010
           0
001010101001110000001
           0
001010100111001000001
           0
001010011100101000001
           0
001001110010101000001
           0
000111001010101000001
           0
101000001001111010000
           0
000101111001000001010
           0
010010101001010011000
           0
010010100110010100100
           0
001100101001010100100
           0
100001101000110101000
           0
100001100110001101000
           0
001100110000101101000
           0
100001100101100011000
           0
010011000011100011000
           0
100001011010010011000
           0
001011010000110011000
           0
010010011100001011000
           0
010001110010001011000
           0
100001100101011000100
           0
010011000011011000100
           0
001101000100111000100
           0
100001011001100100100
           0
001101000011100100100
           0
010001101100001100100
           0
001100011100001100100
           0
010010011001101000010
           0
001100100101101000010
           0
010001101010011000010
           0
001100011010011000010
           0
001011000110011000010
           0
001010110001011000010
           0
100100010010110110000
           0
100100001101001110000
           0
011000010011001110000
           0
010011001000011110000
           0
100100001100111001000
           0
011000010010111001000
           0
100100001011100101000
           0
000111100001001100100
           0
001001110100100001100
           0
000111001100100001100
           0
001010011101000010010
           0
001001110011000010010
           0
000111001011000010010
           0
000110110100100010010
           0
010001011010110000001
           0
000110101101000100001
           0
010010001111010000001
           0
000101111000100100001
           0
100010010101010101000
           0
010100100011010101000
           0
010100011000110101000
           0
010011000100110101000
           0
010100010110001101000
           0
001101000101001101000
           0
010100010101100011000
           0
001011001010001011000
           0
010100010101011000100
           0
010010101000111000100
           0
010001110001010100100
           0
001010110010001100100
           0
010001101010100010100
           0
001100011010100010100
           0
001011000110100010100
           0
001010110001100010100
           0
001010101100010010100
           0
001010101010100100010
           0
100010100011001110000
           0
100010011000101110000
           0
100010100010111001000
           0
100010001110100011000
           0
100010010011101000100
           0
100010001110011000100
           0
010001100111000100010
           0
001100010111000100010
           0
010001011100100100010
           0
000111010001100100010
           0
001001110100010100010
           0
000111001100010100010
           0
010101000001110110000
           0
001110000010101110000
           0
000111010100000111000
           0
100000111011000010100
           0
000110111000001010100
           0
100001010101110000010
           0
010100001101110000010
           0
100000111010101000010
           0
001010100110110000001
           0
001010011011001000001
           0
001001101100101000001
           0
000110110010101000001
           0
101000000110111010000
           0
000101110110000001010
           0
010010101001001101000
           0
010010100110010011000
           0
001100101001010011000
           0
010010100101100100100
           0
010010011010010100100
           0
001100100110010100100
           0
001011001001010100100
           0
010100100100101110000
           0
100001011010001101000
           0
001011010000101101000
           0
100001011001100011000
           0
001101000011100011000
           0
010001101100001011000
           0
001100011100001011000
           0
100001011001011000100
           0
001101000011011000100
           0
100001010110100100100
           0
010100001110100100100
           0
010010010111000010100
           0
000111010010010010100
           0
010010010110101000010
           0
010001101001101000010
           0
001100011001101000010
           0
001011000101101000010
           0
100100001100110110000
           0
011000010010110110000
           0
011000001101001110000
           0
010010110000011110000
           0
001101001000011110000
           0
100100001011011001000
           0
011000001100111001000
           0
011000001011100101000
           0
000111100001001011000
           0
100000111100010100100
           0
000111100000110100100
           0
001010011101000001100
           0
001001110011000001100
           0
000111001011000001100
           0
000110110100100001100
           0
010010100011110000010
           0
001001101101000010010
           0
000110110011000010010
           0
001110000001111001000
           0
001001111000000111000
           0
100001001111001000010
           0
001001110001110000001
           0
000111001001110000001
           0
000111000111001000001
           0
100100000111110000100
           0
010000111110000010010
           0
001100001111010000001
           0
010000111101001000001
           0
000101111000011000001
           0
001001011110000100001
           0
100001100101010101000
           0
010011000011010101000
           0
001101000100110101000
           0
010001110001010011000
           0
001010110010001011000
           0
001100101000111000100
           0
001010101100001100100
           0
001010101010011000010
           0
100010100010110110000
           0
100001101000101110000
           0
100010001101101000100
           0
100001100011101000100
           0
010001011100011000010
           0
000111010001011000010
           0
010001011011000100010
           0
000110110100010100010
           0
001010011010110000001
           0
001001101011001000001
           0
000110101100101000001
           0
010001010111010000001
           0
000101110101000100001
           0
100000101111100000001
           0
000011111010000010001
           0
010100010101010101000
           0
010010101000110101000
           0
010010100110001101000
           0
001100101001001101000
           0
010010100101100011000
           0
010010011010010011000
           0
001100100110010011000
           0
001011001001010011000
           0
010010100101011000100
           0
010010011001100100100
           0
001100100101100100100
           0
010001101010010100100
           0
001100011010010100100
           0
001011000110010100100
           0
001010110001010100100
           0
001010101010100010100
           0
100010010101001110000
           0
010100100011001110000
           0
010100011000101110000
           0
010011000100101110000
           0
100010010100111001000
           0
010100100010111001000
           0
100010010011100101000
           0
100010001110010101000
           0
100001010110100011000
           0
010100001110100011000
           0
010100010011101000100
           0
100001010110011000100
           0
010100001110011000100
           0
010001110000111000100
           0
000111010010001100100
           0
010001100111000010100
           0
001100010111000010100
           0
010001011100100010100
           0
000111010001100010100
           0
001001110100010010100
           0
000111001100010010100
           0
010001100110101000010
           0
001100010110101000010
           0
001010100111000100010
           0
001010011100100100010
           0
001001110010100100010
           0
000111001010100100010
           0
100100001011010110000
           0
011000001100110110000
           0
001100110000011110000
           0
011000001011011001000
           0
100000111100010011000
           0
000111100000110011000
           0
001001101101000001100
           0
000110110011000001100
           0
001100100011110000010
           0
000110101101000010010
           0
100100010001111010000
           0
001110000001110110000
           0
000110111000000111000
           0
100001001110110000010
           0
100000111001110000010
           0
100000110111001000010
           0
000101111000100010010
           0
000111000110110000001
           0
000110110001110000001
           0
011000000111110000100
           0
010000111110000001100
           0
010000111100110000001
           0
000110011110000100001
           0
100001011001010101000
           0
001101000011010101000
           0
010001110001001101000
           0
001010101100001011000
           0
001011001000111000100
           0
001010101001101000010
           0
100000111010100100100
           0
010010010101110000010
           0
001001101010110000001
           0
000110101011001000001
           0
001100101000110101000
           0
010010011010001101000
           0
001100100110001101000
           0
001011001001001101000
           0
010010011001100011000
           0
001100100101100011000
           0
010001101010010011000
           0
001100011010010011000
           0
001011000110010011000
           0
001010110001010011000
           0
010010011001011000100
           0
001100100101011000100
           0
010010010110100100100
           0
010001101001100100100
           0
001100011001100100100
           0
001011000101100100100
           0
100010010100110110000
           0
010100100010110110000
           0
100001100101001110000
           0
010011000011001110000
           0
001101000100101110000
           0
100010010011011001000
           0
100001100100111001000
           0
010011000010111001000
           0
100010001101100101000
           0
100001100011100101000
           0
000111010010001011000
           0
100001010101101000100
           0
010100001101101000100
           0
001001110100001100100
           0
000111001100001100100
           0
010001011011000010100
           0
000110110100010010100
           0
010001011010101000010
           0
001010011100011000010
           0
001001110010011000010
           0
000111001010011000010
           0
001010011011000100010
           0
001001101100100100010
           0
000110110010100100010
           0
011000001011010110000
           0
001011010000011110000
           0
100000111100001101000
           0
000111100000101101000
           0
100001001111000100100
           0
000110101101000001100
           0
001011000011110000010
           0
010010001111001000010
           0
011000010001111010000
           0
100100000111101001000
           0
000101111000100001100
           0
100000110110110000010
           0
001001011110000010010
           0
001010010111010000001
           0
001001011101001000001
           0
000101110100101000001
           0
010000111011010000001
           0
000101101110000100001
           0
101000000101111100000
           0
000011111010000001010
           0
010010100101010101000
           0
001010101010010100100
           0
010100010101001110000
           0
010010101000101110000
           0
010100010100111001000
           0
010100010011100101000
           0
100001010110010101000
           0
010100001110010101000
           0
010001110000110101000
           0
010010100011101000100
           0
001010110000111000100
           0
010001011100010100100
           0
000111010001010100100
           0
001010100111000010100
           0
001010011100100010100
           0
001001110010100010100
           0
000111001010100010100
           0
001010100110101000010
           0
100010001110001110000
           0
100000111010100011000
           0
100000111010011000100
           0
010001100101110000010
           0
001100010101110000010
           0
000111000111000100010
           0
100100001010111010000
           0
100010100001111010000
           0
100010001011110000100
           0
010000111101000100010
           0
000101111000010100010
           0
000101110101000010010
           0
000110101010110000001
           0
001011001000110101000
           0
010001101010001101000
           0
001100011010001101000
           0
001011000110001101000
           0
001010110001001101000
           0
010010010110100011000
           0
010001101001100011000
           0
001100011001100011000
           0
001011000101100011000
           0
010010010110011000100
           0
010001101001011000100
           0
001100011001011000100
           0
001011000101011000100
           0
010001100110100100100
           0
001100010110100100100
           0
100010010011010110000
           0
100001100100110110000
           0
010011000010110110000
           0
100001011001001110000
           0
001101000011001110000
           0
100010001101011001000
           0
100001100011011001000
           0
100001011000111001000
           0
001101000010111001000
           0
001001110100001011000
           0
000111001100001011000
           0
000110110100001100100
           0
001001110001101000010
           0
000111001001101000010
           0
001001101100011000010
           0
000110110010011000010
           0
001001101011000100010
           0
000110101100100100010
           0
100001001111000011000
           0
100000110111000100100
           0
010010001110110000010
           0
001100001111001000010
           0
100100000111100110000
           0
011000000111101001000
           0
001001011110000001100
           0
000110011110000010010
           0
001001100111010000001
           0
001001011100110000001
           0
000110011101001000001
           0
000101110011001000001
           0
010001001111100000001
           0
000011111001000100001
           0
010010011001010101000
           0
001100100101010101000
           0
001010101010010011000
           0
001010101001100100100
           0
010100010100110110000
           0
001100101000101110000
           0
010100010011011001000
           0
100001010101100101000
           0
010100001101100101000
           0
010001011100010011000
           0
000111010001010011000
           0
001100100011101000100
           0
001010011011000010100
           0
001001101100100010100
           0
000110110010100010100
           0
001010011010101000010
           0
100001001110101000100
           0
100000111001101000100
           0
010001011001110000010
           0
010001010111001000010
           0
011000001010111010000
           0
000101110101000001100
           0
010010100101001110000
           0
010010100100111001000
           0
010010100011100101000
           0
001010110000110101000
           0
010001100110100011000
           0
001100010110100011000
           0
010010010101101000100
           0
010001100110011000100
           0
001100010110011000100
           0
010001011010100100100
           0
001010011100010100100
           0
001001110010010100100
           0
000111001010010100100
           0
100010001101010110000
           0
100001100011010110000
           0
100001011000110110000
           0
001101000010110110000
           0
100001010110001110000
           0
010100001110001110000
           0
010001110000101110000
           0
100000111010010101000
           0
000110110100001011000
           0
000111010000111000100
           0
010010001111000100100
           0
000111000111000010100
           0
001010100101110000010
           0
000111000110101000010
           0
000110110001101000010
           0
000110101100011000010
           0
000110101011000100010
           0
010100100001111010000
           0
100000110111000011000
           0
100001010011110000100
           0
010100001011110000100
           0
010000111101000010100
           0
000101111000010010100
           0
001100001110110000010
           0
010000111100101000010
           0
100100000111011010000
           0
011000000111100110000
           0
000111100000011110000
           0
000110011110000001100
           0
000101101110000010010
           0
001001011011010000001
           0
000110100111010000001
           0
000110011100110000001
           0
000101110010110000001
           0
000101101101001000001
           0
100000101111010000010
           0
010000110111100000001
           0
000011110110000100001
           0
010010010110010101000
           0
010001101001010101000
           0
001100011001010101000
           0
001011000101010101000
           0
001010101010001101000
           0
001010101001100011000
           0
001010101001011000100
           0
001010100110100100100
           0
010100010011010110000
           0
001011001000101110000
           0
100001010101011001000
           0
010100001101011001000
           0
010001011100001101000
           0
000111010001001101000
           0
001011000011101000100
           0
001001101011000010100
           0
000110101100100010100
           0
001001101010101000010
           0
100010010010111010000
           0
100010001011101001000
           0
100000110110101000100
           0
010001010110110000010
           0
001001011101000100010
           0
000101110100100100010
           0
001010001111100000001
           0
001000111110001000001
           0
000011111000101000001
           0
010010100100110110000
           0
010010011001001110000
           0
001100100101001110000
           0
010010100011011001000
           0
010010011000111001000
           0
001100100100111001000
           0
001100100011100101000
           0
010001011010100011000
           0
001010011100010011000
           0
001001110010010011000
           0
000111001010010011000
           0
010001100101101000100
           0
001100010101101000100
           0
010001011010011000100
           0
001001110001100100100
           0
000111001001100100100
           0
001001101100010100100
           0
000110110010010100100
           0
100001001110100101000
           0
100000111001100101000
           0
010010001111000011000
           0
001100001111000100100
           0
001010011001110000010
           0
001010010111001000010
           0
010011000001111010000
           0
100001001101110000100
           0
000101111000001100100
           0
010000111011001000010
           0
011000000111011010000
           0
000101101110000001100
           0
000110011011010000001
           0
000101101100110000001
           0
100100001001111100000
           0
000011111001000010010
           0
010010010101100101000
           0
010001100110010101000
           0
001100010110010101000
           0
001010100110100011000
           0
001010100110011000100
           0
001010011010100100100
           0
100001010101010110000
           0
010100001101010110000
           0
001010110000101110000
           0
000111010000110101000
           0
010010001110101000100
           0
010001010111000100100
           0
000110101011000010100
           0
000110101010101000010
           0
100010001100111010000
           0
100001100010111010000
           0
100010001011100110000
           0
100000111010001110000
           0
000111000101110000010
           0
000101110100011000010
           0
000110011101000100010
           0
000101110011000100010
           0
001010101001010101000
           0
010010100011010110000
           0
010010011000110110000
           0
001100100100110110000
           0
010010010110001110000
           0
010001101001001110000
           0
001100011001001110000
           0
001011000101001110000
           0
001100100011011001000
           0
010001101000111001000
           0
001100011000111001000
           0
001011000100111001000
           0
001011000011100101000
           0
001010011100001101000
           0
001001110010001101000
           0
000111001010001101000
           0
001001110001100011000
           0
000111001001100011000
           0
001001101100010011000
           0
000110110010010011000
           0
010001011001101000100
           0
001001110001011000100
           0
000111001001011000100
           0
000111000110100100100
           0
000110110001100100100
           0
000110101100010100100
           0
010100010010111010000
           0
100001010011101001000
           0
010100001011101001000
           0
100001001110011001000
           0
100000111001011001000
           0
100000110110100101000
           0
001100001111000011000
           0
010010010011110000100
           0
010000111100100100100
           0
001001011101000010100
           0
000101110100100010100
           0
001010010110110000010
           0
001001101001110000010
           0
001001100111001000010
           0
001001011100101000010
           0
001101000001111010000
           0
000101111000001011000
           0
100000110101110000100
           0
010000111010110000010
           0
000101101011010000001
           0
100100000110111100000
           0
011000001001111100000
           0
000011111001000001100
           0
000011110110000010010
           0
001001010111100000001
           0
001000111101010000001
           0
000101011110001000001
           0
000011110101001000001
           0
010010010101011001000
           0
010001100101100101000
           0
001100010101100101000
           0
010001011010010101000
           0
001010011010100011000
           0
001010100101101000100
           0
001010011010011000100
           0
001001101010100100100
           0
010001010111000011000
           0
001100001110101000100
           0
100010001011011010000
           0
000101101101000100010
           0
100000101111001000100
           0
010001001111010000010
           0
001010100110010101000
           0
001100100011010110000
           0
010001101000110110000
           0
001100011000110110000
           0
001011000100110110000
           0
010001100110001110000
           0
001100010110001110000
           0
001011000011011001000
           0
010010001110100101000
           0
001001101100001101000
           0
000110110010001101000
           0
000111000110100011000
           0
000110110001100011000
           0
000110101100010011000
           0
010001010110101000100
           0
000111000110011000100
           0
000110110001011000100
           0
001010010111000100100
           0
100001010100111010000
           0
010100001100111010000
           0
100001010011100110000
           0
010100001011100110000
           0
100001001110010110000
           0
100000111001010110000
           0
000111010000101110000
           0
100001001101101001000
           0
100000110110011001000
           0
010000111100100011000
           0
010010001101110000100
           0
010001100011110000100
           0
001100010011110000100
           0
010000111100011000100
           0
010000111011000100100
           0
000110011101000010100
           0
000101110011000010100
           0
001001100110110000010
           0
000110101001110000010
           0
001001011011001000010
           0
000110100111001000010
           0
000110011100101000010
           0
000101110010101000010
           0
100010010001111100000
           0
100010000111110001000
           0
001000111110000100010
           0
000011111000100100010
           0
011000000110111100000
           0
000011110110000001100
           0
000110010111100000001
           0
000011110100110000001
           0
100000011111100000010
           0
010010010101010110000
           0
001010101001001110000
           0
010001100101011001000
           0
001100010101011001000
           0
001010101000111001000
           0
010001011001100101000
           0
001001110001010101000
           0
000111001001010101000
           0
001001101010100011000
           0
001010011001101000100
           0
001001101010011000100
           0
000110101010100100100
           0
010010100010111010000
           0
000101110100010100100
           0
100000101110110000100
           0
010000110111010000010
           0
000101011101010000001
           0
001000111011100000001
           0
000011101110001000001
           0
001010100101100101000
           0
001010011010010101000
           0
001011000011010110000
           0
010001011010001110000
           0
010010010011101001000
           0
010010001110011001000
           0
001100001110100101000
           0
000110101100001101000
           0
001010010111000011000
           0
000111000101101000100
           0
001001100111000100100
           0
001001011100100100100
           0
100001010011011010000
           0
010100001011011010000
           0
100001001101100110000
           0
100000110110010110000
           0
100000110101101001000
           0
010000111011000011000
           0
001100001101110000100
           0
000101101101000010100
           0
001001011010110000010
           0
000110100110110000010
           0
000110011011001000010
           0
000101101100101000010
           0
100000101111000101000
           0
001010001111010000010
           0
100001100001111100000
           0
000011111000011000010
           0
000101100111100000001
           0
000011110011010000001
           0
010001100101010110000
           0
001100010101010110000
           0
001010101000110110000
           0
001010100110001110000
           0
010001011001011001000
           0
010001010110100101000
           0
000111000110010101000
           0
000110110001010101000
           0
000110101010100011000
           0
001010010110101000100
           0
001001101001101000100
           0
000110101010011000100
           0
001100100010111010000
           0
010000111100010101000
           0
000101110100010011000
           0
010001010101110000100
           0
001010100011110000100
           0
010000111010101000100
           0
100000111000111010000
           0
000101110001110000010
           0
100010001010111100000
           0
010100010001111100000
           0
100010000111101010000
           0
010100000111110001000
           0
001000111110000010100
           0
000011111000100010100
           0
000101011110000100010
           0
000011110101000100010
           0
001010100101011001000
           0
001010011001100101000
           0
001001101010010101000
           0
010010010100111010000
           0
010010010011100110000
           0
010010001110010110000
           0
001001110001001110000
           0
000111001001001110000
           0
010010001101101001000
           0
010001100011101001000
           0
001100010011101001000
           0
001100001110011001000
           0
001001110000111001000
           0
000111001000111001000
           0
001001100111000011000
           0
001001011100100011000
           0
001001011100011000100
           0
001001011011000100100
           0
000110100111000100100
           0
000110011100100100100
           0
000101110010100100100
           0
100001001101011010000
           0
100000110101100110000
           0
010001001111001000100
           0
000110011010110000010
           0
000101101011001000010
           0
100001001011110001000
           0
001000111101001000010
           0
000101011011100000001
           0
000011101101010000001
           0
010001011001010110000
           0
001010011010001110000
           0
010001010110011001000
           0
000111000101100101000
           0
001001100110101000100
           0
000110101001101000100
           0
001011000010111010000
           0
000101110100001101000
           0
100000101110101001000
           0
001001010111010000010
           0
001010100101010110000
           0
001010011001011001000
           0
001010010110100101000
           0
001001101001100101000
           0
000110101010010101000
           0
010010010011011010000
           0
010001100100111010000
           0
001100010100111010000
           0
010010001101100110000
           0
010001100011100110000
           0
001100010011100110000
           0
001100001110010110000
           0
001001110000110110000
           0
000111001000110110000
           0
000111000110001110000
           0
000110110001001110000
           0
001100001101101001000
           0
000110110000111001000
           0
010000111010100101000
           0
001001011011000011000
           0
000110100111000011000
           0
000110011100100011000
           0
000101110010100011000
           0
001010010101110000100
           0
000110011100011000100
           0
000101110010011000100
           0
000110011011000100100
           0
000101101100100100100
           0
100000110101011010000
           0
010000111100001110000
           0
010001001110110000100
           0
010000111001110000100
           0
000111000011110000100
           0
010000110111001000100
           0
000101101010110000010
           0
100001010010111100000
           0
010100001010111100000
           0
010010100001111100000
           0
010100000111101010000
           0
100000110011110001000
           0
000011111000010100100
           0
000101011110000010100
           0
000011110101000010100
           0
001000111100110000010
           0
000011110100101000010
           0
100010000111011100000
           0
000011101110000100010
           0
100000011111010000100
           0
010000101111100000010
           0
000100111110010000001
           0
010001010110010110000
           0
001001101010001110000
           0
010001010101101001000
           0
001010100011101001000
           0
000111000101011001000
           0
001001011100010101000
           0
001001011010101000100
           0
000110100110101000100
           0
010001001111000101000
           0
001010001111001000100
           0
100001001011101010000
           0
100000101110100110000
           0
000110010111010000010
           0
000101011101001000010
           0
000011101011100000001
           0
001010011001010110000
           0
001010010110011001000
           0
001001101001011001000
           0
001001100110100101000
           0
000110101001100101000
           0
010010001101011010000
           0
010001100011011010000
           0
001100010011011010000
           0
010001011000111010000
           0
001100001101100110000
           0
000110110000110110000
           0
010000111010011001000
           0
000110011011000011000
           0
000101101100100011000
           0
001001100101110000100
           0
000101110001101000100
           0
000101101100011000100
           0
000101101011000100100
           0
010010001011110001000
           0
010000110110110000100
           0
001000111101000100100
           0
100001001100111100000
           0
001100100001111100000
           0
100000101101110001000
           0
000011111000010011000
           0
001000111011010000010
           0
000011110011001000010
           0
000100111101100000001
           0
000011011110010000001
           0
001010100100111010000
           0
010001010101100110000
           0
001010100011100110000
           0
000111000101010110000
           0
000110101010001110000
           0
000110011100010101000
           0
000101110010010101000
           0
000110011010101000100
           0
010000110111000101000
           0
001010001110110000100
           0
100000110011101010000
           0
100000101110011010000
           0
000101100111010000010
           0
000101011100110000010
           0
010100000111011100000
           0
000011101110000010100
           0
001010010110010110000
           0
001001101001010110000
           0
001010010101101001000
           0
001001100110011001000
           0
000110101001011001000
           0
001001011010100101000
           0
000110100110100101000
           0
001100001101011010000
           0
010000111010010110000
           0
001001011100001110000
           0
010001001110101001000
           0
010000111001101001000
           0
000111000011101001000
           0
001010001111000101000
           0
000101101011000011000
           0
001001011001110000100
           0
000110100101110000100
           0
001001010111001000100
           0
010010010010111100000
           0
001100001011110001000
           0
001000111101000011000
           0
000011110100100100100
           0
100001001011011100000
           0
100000110100111100000
           0
001011000001111100000
           0
000011111000001101000
           0
000011110010110000010
           0
000011101101001000010
           0
100000011111001001000
           0
001001001111100000010
           0
000011011101100000001
           0
010001010101011010000
           0
001010100011011010000
           0
001010011000111010000
           0
000101110001100101000
           0
000101101100010101000
           0
000101101010101000100
           0
010010001011101010000
           0
010001010011110001000
           0
001000111100101000100
           0
000101011101000100100
           0
100000101101101010000
           0
000101011011010000010
           0
001010010101100110000
           0
001001100110010110000
           0
000110101001010110000
           0
001001100101101001000
           0
001001011010011001000
           0
000110100110011001000
           0
000110011010100101000
           0
000111000100111010000
           0
010001001110100110000
           0
010000111001100110000
           0
000111000011100110000
           0
000110011100001110000
           0
000101110010001110000
           0
010000110110101001000
           0
001001010110110000100
           0
000110011001110000100
           0
000110010111001000100
           0
010010001100111100000
           0
010001100010111100000
           0
001100010010111100000
           0
000011110100100011000
           0
000011110100011000100
           0
000011110011000100100
           0
100000110011011100000
           0
010000101111010000100
           0
000011101100110000010
           0
100001000111110010000
           0
100000011111000110000
           0
100000011110110001000
           0
001000110111100000010
           0
000110001111100000010
           0
000100111110001000010
           0
001001101000111010000
           0
001010001110101001000
           0
000101110001011001000
           0
001001010111000101000
           0
001100001011101010000
           0
010001001101110001000
           0
000101011101000011000
           0
001000111011001000100
           0
001010010101011010000
           0
001001100101100110000
           0
001001011010010110000
           0
000110100110010110000
           0
001001011001101001000
           0
000110100101101001000
           0
000110011010011001000
           0
000101101010100101000
           0
010001010011101010000
           0
010001001110011010000
           0
010000111001011010000
           0
000111000011011010000
           0
010000110110100110000
           0
000101101100001110000
           0
001010010011110001000
           0
001000111100100101000
           0
000110010110110000100
           0
000101101001110000100
           0
000101100111001000100
           0
000101011100101000100
           0
010010001011011100000
           0
001100001100111100000
           0
000011110011000011000
           0
000011101101000100100
           0
100000101101011100000
           0
000011101011010000010
           0
100001000111101100000
           0
000011011110001000010
           0
000110101000111010000
           0
001010001110100110000
           0
000101110001010110000
           0
000110010111000101000
           0
010001010100111100000
           0
001010100010111100000
           0
010000110101110001000
           0
000011110100010101000
           0
001000111010110000100
           0
000011110010101000100
           0
100000101011110010000
           0
100000011110101010000
           0
000101010111100000010
           0
000100111101010000010
           0
000010111110100000001
           0
001001100101011010000
           0
001001011001100110000
           0
000110100101100110000
           0
000110011010010110000
           0
001001010110101001000
           0
000110011001101001000
           0
000101101010011001000
           0
010001001101101010000
           0
010000110110011010000
           0
001010001101110001000
           0
001001100011110001000
           0
001000111100011001000
           0
001000111011000101000
           0
000101100110110000100
           0
000101011011001000100
           0
001100001011011100000
           0
010000101111001001000
           0
000011101101000011000
           0
001001001111010000100
           0
010010000111110010000
           0
000100111110000100100
           0
001010010011101010000
           0
001010001110011010000
           0
000101100111000101000
           0
000101011100100101000
           0
010001010011011100000
           0
000011101100101000100
           0
100000101011101100000
           0
000011011101010000010
           0
001001011001011010000
           0
000110100101011010000
           0
001001010110100110000
           0
000110011001100110000
           0
000101101010010110000
           0
000110010110101001000
           0
000101101001101001000
           0
001010010100111100000
           0
010000110101101010000
           0
000101110000111010000
           0
001000111100010110000
           0
000110100011110001000
           0
000011110010100101000
           0
000101011010110000100
           0
010000111000111100000
           0
000111000010111100000
           0
010000101111000110000
           0
000011110100001110000
           0
010000101110110001000
           0
001000110111010000100
           0
000110001111010000100
           0
000011110001110000100
           0
010010000111101100000
           0
001100000111110010000
           0
000100111110000011000
           0
000011011110000100100
           0
100000011110011100000
           0
100000011101110010000
           0
000100111011100000010
           0
000011100111100000010
           0
010000011111100000100
           0
001010001101101010000
           0
001001100011101010000
           0
001001010101110001000
           0
001000111010101001000
           0
000101011100011001000
           0
000101011011000101000
           0
010001001101011100000
           0
000011101011001000100
           0
001001010110011010000
           0
000110011001011010000
           0
000110010110100110000
           0
000101101001100110000
           0
000101100110101001000
           0
001010010011011100000
           0
001001100100111100000
           0
001001001111001001000
           0
000011110010011001000
           0
000011101100100101000
           0
010001001011110010000
           0
000100111101001000100
           0
001100000111101100000
           0
000011011110000011000
           0
100000011101101100000
           0
000011011011100000010
           0
000110100011101010000
           0
001000111010100110000
           0
000101011100010110000
           0
000110010101110001000
           0
010000110101011100000
           0
010000101110101010000
           0
000101010111010000100
           0
000011101010110000100
           0
001001010101101010000
           0
000110010110011010000
           0
000101101001011010000
           0
000101100110100110000
           0
000101011010101001000
           0
001010001101011100000
           0
001001100011011100000
           0
001001011000111100000
           0
000110100100111100000
           0
001001001111000110000
           0
000011110010010110000
           0
001001001110110001000
           0
001000111001110001000
           0
001000110111001001000
           0
000110001111001001000
           0
000011110001101001000
           0
000011101100011001000
           0
000011101011000101000
           0
010001001011101100000
           0
010000110011110010000
           0
000100111100110000100
           0
000011011101001000100
           0
100000100111110100000
           0
000010111110010000010
           0
000001111111000000001
           0
001000111010011010000
           0
000101100101110001000
           0
001010001011110010000
           0
000100111101000101000
           0
010000011111010001000
           0
001000101111100000100
           0
000110010101101010000
           0
000101100110011010000
           0
000101011010100110000
           0
000110100011011100000
           0
000110011000111100000
           0
001000110111000110000
           0
000110001111000110000
           0
000011110001100110000
           0
000011101100010110000
           0
001000110110110001000
           0
000110001110110001000
           0
010000110011101100000
           0
010000101110011100000
           0
010000101101110010000
           0
000100111011010000100
           0
000011100111010000100
           0
000011011100110000100
           0
100000011011110100000
           0
000010111101100000010
           0
001001010101011100000
           0
001001001110101010000
           0
001000111001101010000
           0
000101011001110001000
           0
000101010111001001000
           0
000011101010101001000
           0
001010001011101100000
           0
000011011101000101000
           0
000101100101101010000
           0
000101011010011010000
           0
000101101000111100000
           0
001001010011110010000
           0
000011110001011010000
           0
000100111100101001000
           0
010000101101101100000
           0
000011011011010000100
           0
010000011111001010000
           0
000101001111100000100
           0
000110010101011100000
           0
001000110110101010000
           0
000110001110101010000
           0
000101010111000110000
           0
000011101010100110000
           0
000101010110110001000
           0
010001000111110100000
           0
000010111110001000100
           0
000101011001101010000
           0
001001010011101100000
           0
001001001110011100000
           0
001000111001011100000
           0
001001001101110010000
           0
000110010011110010000
           0
000100111100100110000
           0
000011101001110001000
           0
000100111011001001000
           0
000011100111001001000
           0
000011011100101001000
           0
001000101111010001000
           0
010000011110110010000
           0
000100110111100000100
           0
000101100101011100000
           0
000011101010011010000
           0
000101010110101010000
           0
001001001101101100000
           0
000110010011101100000
           0
001000110110011100000
           0
000110001110011100000
           0
001000110101110010000
           0
000110001101110010000
           0
000101100011110010000
           0
000100111100011010000
           0
000100111011000110000
           0
000011100111000110000
           0
000011011100100110000
           0
000100111010110001000
           0
000011100110110001000
           0
000011011011001001000
           0
000011110000111100000
           0
010000101011110100000
           0
001010000111110100000
           0
010000011110101100000
           0
000010111110000101000
           0
000011010111100000100
           0
000010111101010000100
           0
100000010111111000000
           0
000001111110100000010
           0
000101011001011100000
           0
000011101001101010000
           0
001000101111001010000
           0
000101001111010001000
           0
001000110101101100000
           0
000110001101101100000
           0
000101100011101100000
           0
000011011100011010000
           0
000011011011000110000
           0
000011011010110001000
           0
000101010110011100000
           0
000101010101110010000
           0
000100111010101010000
           0
000011100110101010000
           0
001000101110110010000
           0
000100110111010001000
           0
010000011101110100000
           0
000010111011100000100
           0
000011101001011100000
           0
000101001111001010000
           0
001001001011110100000
           0
000010111101001001000
           0
001000011111100001000
           0
000101010101101100000
           0
000011011010101010000
           0
001000101110101100000
           0
000011010111010001000
           0
000100111010011100000
           0
000011100110011100000
           0
000101001110110010000
           0
000100111001110010000
           0
000011100101110010000
           0
000100110111001010000
           0
001000110011110100000
           0
000110001011110100000
           0
000010111101000110000
           0
000010111100110001000
           0
010000100111111000000
           0
000001111110010000100
           0
000101001110101100000
           0
000100111001101100000
           0
000011100101101100000
           0
000011011010011100000
           0
000100110110110010000
           0
000011011001110010000
           0
000011010111001010000
           0
001000101101110100000
           0
000010111011010001000
           0
001000011111010010000
           0
000100101111100001000
           0
010000011011111000000
           0
000001111101100000100
           0
000101010011110100000
           0
000010111100101010000
           0
000100110110101100000
           0
000011011001101100000
           0
000011010110110010000
           0
001000011111001100000
           0
000011001111100001000
           0
001001000111111000000
           0
000001111110001001000
           0
000101001101110100000
           0
000010111011001010000
           0
000011010110101100000
           0
000011100011110100000
           0
000010111100011100000
           0
000100101111010010000
           0
001000011110110100000
           0
000010110111100001000
           0
000110000111111000000
           0
000001111110000110000
           0
000100110101110100000
           0
000010111010110010000
           0
001000101011111000000
           0
000001111101010001000
           0
000100101111001100000
           0
000011001111010010000
           0
000011010101110100000
           0
000010111010101100000
           0
000100101110110100000
           0
000011001111001100000
           0
000010110111010010000
           0
000101001011111000000
           0
000001111101001010000
           0
001000011101111000000
           0
000001111011100001000
           0
000011001110110100000
           0
000010111001110100000
           0
000010110111001100000
           0
000100110011111000000
           0
000001111100110010000
           0
000100011111100010000
           0
000010110110110100000
           0
000100101101111000000
           0
000011010011111000000
           0
000001111100101100000
           0
000001111011010010000
           0
000100011111010100000
           0
000010101111100010000
           0
000011001101111000000
           0
000001111011001100000
           0
000010110101111000000
           0
000010101111010100000
           0
000001111010110100000
           0
000100011110111000000
           0
000001110111100010000
           0
000010101110111000000
           0
000001110111010100000
           0
000001111001111000000
           0
000001110110111000000
           0
000010011111100100000
           0
000010011111011000000
           0
000001101111100100000
           0
000001101111011000000
           0
000001011111101000000
           0
000000111111110000000
           0
